"state","year","mean_premium","mean_prem_over_sv","annual_total_payment","annual_pi","mean_prem_over_payment","mean_prem_over_pi","structure_value","home_price","median_premium","median_prem_over_sv","n_obs","STATEFP"
"AK",2014,1597.80810546875,0.793217241764069,21324.28125,15330.6455078125,7.73338222503662,11.2749900817871,205.062316894531,293826.3125,1257.50988769531,0.621241211891174,30688,"02"
"AK",2015,1732.54675292969,0.844843149185181,21685.11328125,15513.78125,8.20689582824707,12.1440324783325,209.075531005859,302563.5625,1332.8896484375,0.648697733879089,22018,"02"
"AK",2016,1743.74609375,0.829846501350403,22011.322265625,15743.26953125,8.09104061126709,11.9592723846436,213.363098144531,309522.6875,1344.80236816406,0.636848330497742,25917,"02"
"AK",2017,1785.47900390625,0.845704853534698,22189.1484375,15703.1064453125,8.25477886199951,12.414155960083,213.793075561523,312578.6875,1366.12573242188,0.645199298858643,27916,"02"
"AK",2018,1755.76440429688,0.827068507671356,22588.376953125,16220.1708984375,7.96376657485962,11.8179540634155,215.581314086914,314538.375,1348.6513671875,0.628165245056152,27489,"02"
"AK",2019,1838.79736328125,0.813265264034271,22747.984375,16321.1552734375,8.32188320159912,12.295506477356,230.451797485352,333745.125,1395.84985351562,0.608967900276184,22849,"02"
"AK",2020,1929.32299804688,0.807202219963074,23051.212890625,16545.205078125,8.59179782867432,12.6329412460327,241.421936035156,347975.25,1536.06994628906,0.641824781894684,21201,"02"
"AK",2021,1688.91076660156,0.679143011569977,22861.091796875,15986.8359375,7.68091011047363,11.4904623031616,253.649353027344,351263.6875,1337.32043457031,0.533334672451019,21866,"02"
"AK",2022,1891.30029296875,0.676748931407928,23280.19140625,16241.2392578125,8.4578914642334,12.7749071121216,283.57568359375,381840.59375,1526.47473144531,0.540592551231384,19112,"02"
"AK",2023,1974.67626953125,NA,23641.3359375,16618.013671875,8.6709041595459,13.0606174468994,NA,389755.75,1574.25,NA,19849,"02"
"AK",2024,2240.42456054688,NA,25348.18359375,17798.1171875,9.3187141418457,14.1734066009521,NA,397160.9375,1817.91027832031,NA,19234,"02"
"AL",2014,1741.60705566406,1.77304220199585,13083.6064453125,10028.1474609375,14.2061166763306,20.1206226348877,106.789642333984,138550.46875,1433.30004882812,1.40783357620239,98817,"01"
"AL",2015,1792.71643066406,1.78767836093903,13026.9462890625,9916.25,14.5953960418701,20.8348045349121,108.265586853027,139867.109375,1480.73608398438,1.42930293083191,108752,"01"
"AL",2016,1769.484375,1.686683177948,13116.6240234375,10022.65625,14.3824558258057,20.3829708099365,113.102279663086,145801.15625,1487.26989746094,1.36775827407837,129438,"01"
"AL",2017,1722.58642578125,1.59676766395569,13158.8193359375,10100.4677734375,14.0720682144165,19.8350067138672,116.918334960938,150316.203125,1459.89001464844,1.30052733421326,125430,"01"
"AL",2018,1738.18237304688,1.53609502315521,13286.6806640625,10241.8955078125,14.1413898468018,19.8788414001465,121.691276550293,155850.984375,1488.01000976562,1.27693462371826,122907,"01"
"AL",2019,1817.49340820312,1.50816261768341,13663.7275390625,10494.02734375,14.3793964385986,20.2656993865967,129.195388793945,164909.578125,1561.12963867188,1.25420165061951,126559,"01"
"AL",2020,1888.36108398438,1.45724177360535,13981.814453125,10748.3857421875,14.591160774231,20.5292224884033,139.547149658203,178748.40625,1630.42077636719,1.21738576889038,120069,"01"
"AL",2021,1942.19653320312,1.29412043094635,13948.7841796875,10541.373046875,15.075496673584,21.3588790893555,161.839645385742,204618.609375,1693.2900390625,1.09213447570801,110859,"01"
"AL",2022,2150.30053710938,1.25914454460144,14516.4599609375,10829.6923828125,15.9995174407959,23.1870269775391,184.447830200195,231487,1864.8798828125,1.06004166603088,108618,"01"
"AL",2023,2456.59155273438,NA,15332.201171875,11198.8271484375,17.1630001068115,25.5498714447021,NA,236505.046875,2100.64526367188,NA,109169,"01"
"AL",2024,2753.39306640625,NA,17026.689453125,12403.078125,17.6365947723389,26.6401634216309,NA,241072.828125,2343.98046875,NA,119635,"01"
"AR",2014,1600.82958984375,1.63456118106842,12434.0205078125,9079.6845703125,13.6643114089966,19.8682174682617,104.292541503906,135107.296875,1334.01025390625,1.29019999504089,72909,"05"
"AR",2015,1695.42102050781,1.68040025234222,12483.8056640625,9053.033203125,14.3400573730469,21.0801467895508,107.639083862305,138024.640625,1398.88000488281,1.32459783554077,58231,"05"
"AR",2016,1743.23486328125,1.65232801437378,12610.1923828125,9163.6181640625,14.6455631256104,21.4347896575928,111.45166015625,143134.640625,1455.59899902344,1.32975924015045,72761,"05"
"AR",2017,1793.76843261719,1.65021789073944,12784.408203125,9287.0859375,14.8789825439453,21.8520698547363,114.81322479248,147320,1495.40002441406,1.32988119125366,66749,"05"
"AR",2018,1785.4775390625,1.59186363220215,12992.5078125,9448.2216796875,14.6231260299683,21.4582233428955,118.596221923828,152088.625,1502.09521484375,1.28965425491333,76154,"05"
"AR",2019,1864.05200195312,1.60958015918732,13407.7373046875,9727.923828125,14.8002672195435,21.7748126983643,122.695114135742,157775.90625,1571.97790527344,1.31204986572266,75339,"05"
"AR",2020,1841.92797851562,1.49312555789948,13403.232421875,9788.958984375,14.6713438034058,21.4552707672119,130.609466552734,166384.8125,1548.52514648438,1.21483755111694,65984,"05"
"AR",2021,1810.3828125,1.28413307666779,13659.1748046875,9842.220703125,14.1828584671021,20.8659744262695,149.713958740234,189647.484375,1534.88635253906,1.04684472084045,72708,"05"
"AR",2022,2052.36840820312,1.29382717609406,14155.1171875,10088.482421875,15.4817132949829,23.2695217132568,170.473907470703,214349.625,1736.79504394531,1.04686617851257,67990,"05"
"AR",2023,2343.00537109375,NA,14906.361328125,10449.96484375,16.7265548706055,25.7693424224854,NA,221512.546875,1976.96020507812,NA,69898,"05"
"AR",2024,2778.40087890625,NA,16475.54296875,11533.6279296875,18.3300590515137,28.6890335083008,NA,230360.765625,2399.87963867188,NA,70129,"05"
"AZ",2014,1142.22094726562,0.746403157711029,14629.2626953125,11357.4609375,8.25989627838135,11.3763570785522,154.741546630859,207174.4375,859.963928222656,0.560815155506134,222309,"04"
"AZ",2015,1236.0703125,0.777682423591614,14835.9365234375,11377.3046875,8.80073833465576,12.3295469284058,160.927734375,217070.53125,939.960083007812,0.587730348110199,214007,"04"
"AZ",2016,1247.078125,0.735266864299774,15043.4609375,11597.697265625,8.77242660522461,12.1924867630005,172.250244140625,233515.609375,952.099975585938,0.557915031909943,253359,"04"
"AZ",2017,1229.60693359375,0.683454394340515,15553.5595703125,11991.12890625,8.37639617919922,11.6844921112061,182.973526000977,248557.078125,925.420166015625,0.511162579059601,245676,"04"
"AZ",2018,1234.55017089844,0.648876965045929,15918.060546875,12335.1484375,8.29038619995117,11.4780473709106,193.16242980957,265853.5,947.160034179688,0.495621383190155,248645,"04"
"AZ",2019,1327.70788574219,0.652694582939148,16470.07421875,12765.6767578125,8.59535598754883,11.9212799072266,206.133590698242,283613.46875,1025.94067382812,0.503068685531616,230540,"04"
"AZ",2020,1318.77062988281,0.595813035964966,16567.75,12828.001953125,8.58638477325439,11.9541807174683,224.472747802734,310143.53125,1028.44995117188,0.46329128742218,185754,"04"
"AZ",2021,1244.3515625,0.467043459415436,16251.7509765625,12483.02734375,8.33622646331787,11.5782108306885,271.130279541016,380100.5,1007.97021484375,0.375776350498199,204820,"04"
"AZ",2022,1422.31372070312,0.454333186149597,17037.123046875,13111.5068359375,9.13958263397217,12.8057174682617,319.22412109375,457140.25,1131.82958984375,0.359990805387497,172943,"04"
"AZ",2023,1715.64379882812,NA,17800.330078125,13581.9736328125,10.459979057312,15.0032415390015,NA,439874.71875,1319.859375,NA,170361,"04"
"AZ",2024,2135.07250976562,NA,20268.103515625,15512.1904296875,11.7044792175293,16.9785404205322,NA,451633.40625,1704.619140625,NA,210731,"04"
"CA",2014,1600.8525390625,0.815599143505096,22092.15234375,16209.2890625,7.50602340698242,10.8560495376587,203.507949829102,392003.5,1061.2021484375,0.546221196651459,531929,"06"
"CA",2015,1601.6025390625,0.774591565132141,22371.755859375,16432.810546875,7.4473819732666,10.8449621200562,215.332489013672,421865.8125,1067.30004882812,0.519309222698212,596195,"06"
"CA",2016,1560.44323730469,0.709585189819336,22583.255859375,16633.18359375,7.19334745407104,10.4313182830811,228.841720581055,447481.0625,1050.0400390625,0.480558454990387,719234,"06"
"CA",2017,1547.60339355469,0.666250944137573,23287.30078125,17130.125,6.93805646896362,10.040340423584,241.946533203125,482577.25,1024.98022460938,0.442511260509491,732229,"06"
"CA",2018,1582.78552246094,0.635491073131561,24110.55078125,17718.578125,6.92273855209351,9.96682739257812,259.697052001953,528389.75,1077.62548828125,0.433037102222443,757552,"06"
"CA",2019,1643.2783203125,0.62589555978775,25389.3046875,18588.541015625,6.86871147155762,9.85652446746826,272.058868408203,541153.0625,1132.37316894531,0.432655572891235,747471,"06"
"CA",2020,1791.73034667969,0.63436084985733,26557.005859375,18963.21484375,7.30893278121948,10.805627822876,292.034393310547,588728.25,1198.57507324219,0.426512598991394,775346,"06"
"CA",2021,1715.13220214844,0.545735895633698,26169.916015625,18496.150390625,7.14807367324829,10.3643836975098,325.289184570312,658585.875,1225.5400390625,0.389782845973969,658125,"06"
"CA",2022,1982.45971679688,0.581677496433258,26957.794921875,18957.0859375,7.92468976974487,11.6676740646362,355.110290527344,747490.75,1400.00048828125,0.408927172422409,645061,"06"
"CA",2023,2232.44799804688,NA,28506.716796875,19502.3828125,8.74659252166748,12.9007377624512,NA,745261.9375,1516.5390625,NA,713199,"06"
"CA",2024,2379.26025390625,NA,30515.26953125,21103.73046875,8.62129497528076,12.7976093292236,NA,761909.1875,1721.63940429688,NA,797888,"06"
"CO",2014,1747.75927734375,0.938803195953369,17603.0078125,13549.2890625,10.4834184646606,14.4088268280029,196.748001098633,284340.6875,1427.08972167969,0.747331857681274,154838,"08"
"CO",2015,1822.64331054688,0.887421846389771,17791.1953125,13713.021484375,10.8455934524536,14.9793319702148,217.272064208984,315603.5625,1508.080078125,0.712680220603943,170953,"08"
"CO",2016,1995.06018066406,0.89324015378952,18635.29296875,14216.6064453125,11.3224229812622,15.7726488113403,234.914306640625,348215.8125,1685.80004882812,0.734763741493225,205857,"08"
"CO",2017,1957.45007324219,0.830323219299316,19157.822265625,14770.8525390625,10.8408317565918,14.9139823913574,248.652725219727,378495.0625,1637.09985351562,0.674973130226135,209655,"08"
"CO",2018,2101.7783203125,0.845361888408661,19911.41796875,15340.6630859375,11.3256158828735,15.7385301589966,261.645690917969,402837.875,1812.97998046875,0.710035383701324,200956,"08"
"CO",2019,2227.39990234375,0.856092154979706,21008.95703125,16170.078125,11.3360643386841,15.7505722045898,272.817504882812,422251.53125,1914.84008789062,0.720563590526581,196763,"08"
"CO",2020,2377.88061523438,0.864795804023743,21270.49609375,16037.7333984375,11.9717884063721,17.0544261932373,287.851684570312,446017.84375,2078.56030273438,0.738779544830322,176362,"08"
"CO",2021,2405.91235351562,0.754374563694,21544.931640625,16048.98046875,12.016453742981,17.1984615325928,333.814025878906,515188.34375,2094.85986328125,0.644503831863403,155651,"08"
"CO",2022,2838.82568359375,0.772191405296326,23015.3125,16772.498046875,13.3169641494751,19.6379051208496,385.034240722656,595291.4375,2477.5810546875,0.664767205715179,150050,"08"
"CO",2023,3324.53540039062,NA,24221.66796875,17425.6875,14.7550201416016,22.2042045593262,NA,582352.5625,2864.0791015625,NA,149289,"08"
"CO",2024,4176.44384765625,NA,27939.607421875,19631.865234375,16.2451610565186,25.469820022583,NA,590838.375,3594.0791015625,NA,180717,"08"
"CT",2014,1979.45239257812,1.32055985927582,23622.06640625,14755.89453125,8.63014698028564,14.8377542495728,150.393814086914,289536.21875,1486.67993164062,1.00380945205688,94547,"09"
"CT",2015,2065.375,1.36567175388336,23557.708984375,14635.4150390625,8.99945259094238,15.8284158706665,152.212188720703,289156.5625,1552.1201171875,1.03663647174835,73633,"09"
"CT",2016,2006.11560058594,1.28340470790863,23661.306640625,14643.404296875,8.73835563659668,15.3303709030151,157.90202331543,292600.625,1530.40502929688,0.98827338218689,82362,"09"
"CT",2017,2001.48852539062,1.23773765563965,23922.671875,14768.029296875,8.67652988433838,15.2230024337769,163.752105712891,299319.25,1539.15991210938,0.960114121437073,90217,"09"
"CT",2018,2012.79309082031,1.21046710014343,24238.296875,14982.185546875,8.63593006134033,15.1124315261841,167.392547607422,304228.96875,1571.27490234375,0.957095384597778,92998,"09"
"CT",2019,2033.69921875,1.19877207279205,24653.443359375,15198.0283203125,8.71649551391602,15.0538930892944,170.91796875,305752.6875,1604.919921875,0.961183726787567,89967,"09"
"CT",2020,2095.40405273438,1.16755664348602,25106.451171875,15403.7421875,8.7482271194458,15.3395462036133,179.397750854492,318343.8125,1638.8857421875,0.928588807582855,85992,"09"
"CT",2021,1987.90588378906,0.951195299625397,24589.525390625,14886.6826171875,8.46805381774902,14.9297895431519,209.302719116211,365512.3125,1617.9609375,0.784148156642914,81545,"09"
"CT",2022,2216.06787109375,0.939767777919769,25201.17578125,15110.865234375,9.34070587158203,16.6075229644775,236.788513183594,406286.875,1819.80883789062,0.779214084148407,84226,"09"
"CT",2023,2502.96020507812,NA,26760.408203125,15894.4228515625,10.0445537567139,17.8868350982666,NA,434453.28125,2023.07958984375,NA,89871,"09"
"CT",2024,2826.25512695312,NA,28469.201171875,17086.771484375,10.7364807128906,19.2917442321777,NA,474505.84375,2356.08032226562,NA,96820,"09"
"DC",2014,1849.88037109375,0.681978166103363,28413.53515625,22408.3515625,7.32806968688965,9.85114192962646,271.252136230469,565108.5625,1339.19995117188,0.493710398674011,16014,"11"
"DC",2015,2013.16857910156,0.688496291637421,28040.111328125,22218.052734375,8.02522659301758,10.9192609786987,292.400787353516,604133.8125,1485.02001953125,0.507871389389038,13159,"11"
"DC",2016,2047.52282714844,0.701774895191193,28629.921875,22618.259765625,8.10969543457031,10.8452959060669,291.763458251953,641238.4375,1561.830078125,0.535306930541992,14588,"11"
"DC",2017,2099.12182617188,0.709932208061218,29252.60546875,23194.875,8.30022716522217,10.7811374664307,295.67919921875,668957.5,1617.41040039062,0.547015309333801,14912,"11"
"DC",2018,2081.01684570312,0.664022564888,29967.068359375,23933.576171875,8.26167297363281,10.3465089797974,313.3955078125,710647.4375,1610.64001464844,0.513932049274445,15739,"11"
"DC",2019,1957.59362792969,0.6292524933815,30957.552734375,24878.375,7.49694395065308,9.47547340393066,311.098266601562,735457,1468.43933105469,0.472017824649811,13772,"11"
"DC",2020,1944.50183105469,0.577085793018341,31699.296875,25135.552734375,7.02637624740601,9.41404628753662,336.951965332031,769296.6875,1397.57995605469,0.414771258831024,13429,"11"
"DC",2021,2011.33959960938,0.56385338306427,34678.15234375,25394.59765625,6.96845626831055,9.3775806427002,356.713226318359,825725.0625,1588.00964355469,0.445178210735321,14604,"11"
"DC",2022,2175.74536132812,0.581960797309875,34950.7734375,25321.607421875,7.50111675262451,10.3249864578247,373.864593505859,849692.25,1688.1396484375,0.451537728309631,12191,"11"
"DC",2023,2632.5302734375,NA,36506.9296875,25644.943359375,8.72841262817383,12.3368244171143,NA,820219.5625,2023.6015625,NA,12750,"11"
"DC",2024,2775.8671875,NA,37908.01953125,26477.65625,8.97346782684326,12.312237739563,NA,804911.1875,2157.9423828125,NA,12652,"11"
"DE",2014,1383.66748046875,0.855371475219727,16760.5078125,13236.3310546875,8.56752109527588,11.5078525543213,162.886306762695,223797.4375,1010.17993164062,0.623375475406647,44399,"10"
"DE",2015,1458.64050292969,0.861098647117615,16752.12109375,13123.8046875,8.95474720001221,12.3143339157104,170.188354492188,233654.734375,1052.03100585938,0.618634283542633,33135,"10"
"DE",2016,1555.75256347656,0.878285944461823,16846.201171875,13097.32421875,9.45043659210205,13.0142612457275,177.885559082031,244673.375,1171.94506835938,0.661355257034302,38506,"10"
"DE",2017,1544.87060546875,0.834072768688202,17050.541015625,13220.2353515625,9.3177490234375,12.8739814758301,186.077651977539,255491.1875,1172.42456054688,0.6325603723526,38502,"10"
"DE",2018,1573.09289550781,0.826785802841187,17326.56640625,13407.349609375,9.32412433624268,12.9336910247803,191.239822387695,263160.71875,1178.14660644531,0.618431329727173,36308,"10"
"DE",2019,1597.97021484375,0.814142763614655,17694.4453125,13672.3916015625,9.32754802703857,12.8876791000366,197.237594604492,271074.625,1205.4296875,0.613785445690155,33969,"10"
"DE",2020,1570.36096191406,0.773402571678162,17390.48046875,13431.0361328125,9.34561252593994,13.0988817214966,203.928924560547,281306.78125,1166.205078125,0.571724593639374,21596,"10"
"DE",2021,1468.82080078125,0.627097010612488,17540.7109375,13419.404296875,8.87179851531982,12.2203502655029,234.97102355957,322670.5625,1181.95031738281,0.504006028175354,37552,"10"
"DE",2022,1642.01086425781,0.620772540569305,17916.5078125,13653.173828125,9.70078468322754,13.534686088562,265.047332763672,360599.9375,1315.01000976562,0.496587961912155,30437,"10"
"DE",2023,1788.12487792969,NA,18591.642578125,14190.7412109375,10.1925048828125,14.3782720565796,NA,375699.71875,1414.5185546875,NA,31393,"10"
"DE",2024,2019.90258789062,NA,20232.310546875,15361.232421875,10.8613958358765,15.487642288208,NA,390172.0625,1660.38989257812,NA,34359,"10"
"FL",2014,2603.40014648438,2.09018969535828,16549.416015625,11277.1240234375,16.3571853637695,26.1364459991455,125.415328979492,182154.265625,2034.60034179688,1.67153239250183,443464,"12"
"FL",2015,2524.11499023438,1.89297866821289,16541.767578125,11243.8583984375,15.9373254776001,25.5384006500244,134.513717651367,197695.5625,1975.88818359375,1.5079026222229,469335,"12"
"FL",2016,2347.419921875,1.61445868015289,16631.37890625,11400.185546875,14.8456707000732,23.5256042480469,146.909896850586,216824.40625,1831.90991210938,1.28833866119385,553259,"12"
"FL",2017,2308.16235351562,1.47349572181702,17038.10546875,11741.46484375,14.2856197357178,22.4747791290283,157.615417480469,234628.421875,1791.93041992188,1.17035210132599,551511,"12"
"FL",2018,2414.90014648438,1.45022392272949,17583.474609375,12135.599609375,14.4975538253784,22.865514755249,167.487854003906,251246.1875,1878.61145019531,1.1536363363266,589753,"12"
"FL",2019,2561.31469726562,1.47037696838379,18405.216796875,12658.203125,14.6026296615601,23.074520111084,174.73779296875,262716.71875,1979.10034179688,1.16496896743774,578299,"12"
"FL",2020,2648.93115234375,1.45076107978821,18824.52734375,12819.796875,14.8341789245605,23.7010917663574,182.835388183594,278785.96875,2035.23999023438,1.14343988895416,551686,"12"
"FL",2021,2839.66235351562,1.3574982881546,18970.837890625,12802.501953125,16.143611907959,25.2114562988281,210.319152832031,324351.625,2250.49072265625,1.09194278717041,531087,"12"
"FL",2022,3470.01123046875,1.36977553367615,20892.369140625,13294.9755859375,17.4471626281738,29.796459197998,256.945831298828,404050.5,2777.59033203125,1.1042445898056,510167,"12"
"FL",2023,4166.029296875,NA,22553.546875,13917.015625,19.475679397583,34.2236480712891,NA,420446.75,3337.62060546875,NA,508476,"12"
"FL",2024,4528.5517578125,NA,25306.921875,15739.01953125,19.2592678070068,34.0542831420898,NA,431601,3682.46923828125,NA,557476,"12"
"GA",2014,1783.0400390625,1.49757206439972,14914.609375,10950.986328125,12.3634481430054,18.0707759857178,129.093185424805,168028.203125,1348.48999023438,1.10998773574829,298207,"13"
"GA",2015,1900.16760253906,1.51148593425751,15033.8115234375,10878.212890625,13.1791706085205,19.6570873260498,136.792709350586,177451.875,1481.70617675781,1.14734268188477,314957,"13"
"GA",2016,1925.19177246094,1.4338573217392,15407.00390625,11111.24609375,13.0424108505249,19.4884243011475,145.079940795898,188695.953125,1498.41015625,1.08866143226624,372638,"13"
"GA",2017,1896.57470703125,1.34258794784546,15608.4951171875,11257.623046875,12.8176431655884,19.1422367095947,153.571090698242,200537.625,1499.33996582031,1.03413641452789,363057,"13"
"GA",2018,1998.43737792969,1.29924869537354,16083.0927734375,11583.43359375,13.0821323394775,19.5967826843262,166.589218139648,214851.9375,1588.96032714844,1.01224803924561,365587,"13"
"GA",2019,2144.73608398438,1.31391263008118,16686.876953125,11934.7509765625,13.4861812591553,20.3557910919189,174.449951171875,228010.28125,1691.50952148438,1.02543020248413,366443,"13"
"GA",2020,2028.03405761719,1.18486034870148,16700.271484375,12017.017578125,12.952657699585,19.4671440124512,184.425201416016,240706.5,1652.37341308594,0.938006937503815,337405,"13"
"GA",2021,2045.63427734375,1.00944602489471,17232.048828125,12014.9345703125,12.9813413619995,19.5661811828613,218.578033447266,283839.34375,1695.86071777344,0.80926388502121,344431,"13"
"GA",2022,2273.23388671875,0.943703830242157,18030.388671875,12290.7919921875,13.6522035598755,21.3839988708496,261.519927978516,337641.125,1894.27026367188,0.762084305286407,325019,"13"
"GA",2023,2748.25659179688,NA,19311.142578125,12801.2802734375,15.3375692367554,24.9515953063965,NA,350132.125,2302.29052734375,NA,304396,"13"
"GA",2024,2832.60424804688,NA,21065.009765625,14247.779296875,14.6841840744019,23.5917205810547,NA,364928.59375,2331.84423828125,NA,318160,"13"
"HI",2014,2140.17822265625,0.836043477058411,27795.015625,23215.34375,8.3054027557373,10.4843244552612,266.390319824219,621332.0625,1702.13940429688,0.669241070747375,20964,"15"
"HI",2015,2257.3916015625,0.922577440738678,28271.9921875,23476.658203125,8.60071086883545,10.9422197341919,248.851013183594,606559.875,1764.78466796875,0.722922205924988,15474,"15"
"HI",2016,2159.38842773438,0.830360591411591,28023.3046875,23220.521484375,8.13135051727295,10.5799770355225,263.930023193359,638624.0625,1664.17004394531,0.641353011131287,19920,"15"
"HI",2017,2318.9423828125,0.913713097572327,28788.994140625,23779.044921875,8.6809024810791,11.0860109329224,259.985107421875,672457.3125,1787.06494140625,0.707682967185974,18698,"15"
"HI",2018,2279.1611328125,0.891033470630646,29291.73828125,24106.96484375,8.39943218231201,10.896125793457,265.310089111328,699059.9375,1803.3095703125,0.707797944545746,18211,"15"
"HI",2019,2387.90502929688,0.923790752887726,30116.7109375,24648.26171875,8.57496452331543,11.0904674530029,270.979675292969,709650.25,1866.77978515625,0.72229665517807,16889,"15"
"HI",2020,2460.7294921875,0.899996399879456,28990.712890625,23530.763671875,9.02549648284912,12.2136211395264,284.803192138672,721231.8125,1851.78662109375,0.670953035354614,14116,"15"
"HI",2021,2299.36108398438,0.7219358086586,30730.236328125,25091.10546875,8.2201452255249,10.7096567153931,330.545928955078,831469.3125,1860.90002441406,0.580182909965515,14680,"15"
"HI",2022,2606.87744140625,0.731279313564301,31567.80078125,25321.47265625,8.99051094055176,11.8808298110962,376.596313476562,982869.8125,2154,0.599741280078888,17739,"15"
"HI",2023,3072.37915039062,NA,32624.9765625,25367.26953125,10.3074159622192,14.0072574615479,NA,969779.6875,2474.24145507812,NA,16897,"15"
"HI",2024,3351.38110351562,NA,35378.46484375,26772.265625,10.6676902770996,14.6377010345459,NA,982779.75,2729.21948242188,NA,20143,"15"
"IA",2014,1384.8837890625,1.30535960197449,13435.537109375,8843.603515625,10.9280691146851,17.695873260498,111.098052978516,147070.171875,1124.47998046875,1.04367339611053,84037,"19"
"IA",2015,1386.75756835938,1.25837862491608,13647.4482421875,8920.171875,10.8547315597534,17.8200168609619,115.710502624512,152778,1129.53540039062,1.00594389438629,66246,"19"
"IA",2016,1425.92321777344,1.23093676567078,13859.2451171875,9010.16796875,10.9990568161011,18.1484565734863,122.00505065918,160345.09375,1166.73999023438,0.985088586807251,72462,"19"
"IA",2017,1445.65014648438,1.2066068649292,14256.134765625,9286.4052734375,10.9096031188965,17.9917488098145,127.205574035645,168351.96875,1187.84997558594,0.963985681533813,76289,"19"
"IA",2018,1447.90173339844,1.16548109054565,14586.779296875,9502.673828125,10.7523794174194,17.763578414917,132.348175048828,175727.140625,1206.31994628906,0.942178964614868,77803,"19"
"IA",2019,1542.91845703125,1.16579616069794,15197.11328125,9902.1328125,10.9235019683838,18.0662574768066,140.049911499023,184899.15625,1274.96008300781,0.936691284179688,76656,"19"
"IA",2020,1512.92639160156,1.11897087097168,14836.439453125,9622.5576171875,11.115797996521,18.5211582183838,144.018188476562,189777.46875,1279.56005859375,0.909689903259277,49992,"19"
"IA",2021,1559.94543457031,1.02841794490814,15459.8955078125,9796.8818359375,11.0101442337036,18.5235538482666,160.97184753418,212806.671875,1353.07958984375,0.858894765377045,77761,"19"
"IA",2022,1780.53332519531,1.0743236541748,15949.45703125,10023.8251953125,12.1448192596436,20.8410091400146,175.660537719727,233289.125,1542.77587890625,0.896141588687897,64611,"19"
"IA",2023,2156.578125,NA,17152.6171875,10647.498046875,13.5525236129761,23.8163261413574,NA,242021.875,1843.12329101562,NA,63636,"19"
"IA",2024,2601.2216796875,NA,18688.33203125,11580.76953125,15.0123014450073,26.9046115875244,NA,251926.28125,2225.67529296875,NA,70542,"19"
"ID",2014,1143.81005859375,0.845606565475464,13633.3017578125,10520.376953125,8.59589672088623,11.9014825820923,140.117660522461,188725.46875,823.934204101562,0.60373866558075,38727,"16"
"ID",2015,1116.21313476562,0.794169485569,13804.4541015625,10569.8779296875,8.38015365600586,11.710994720459,146.055313110352,198525.578125,807.004760742188,0.569358170032501,41476,"16"
"ID",2016,1104.92663574219,0.733920872211456,14036.162109375,10741.583984375,8.22697162628174,11.4782066345215,156.736190795898,214103.734375,811.02001953125,0.531642615795135,47693,"16"
"ID",2017,1123.46423339844,0.688786685466766,14329.3798828125,10958.7548828125,8.19792938232422,11.451361656189,169.478713989258,232874.96875,823.019958496094,0.499879747629166,48256,"16"
"ID",2018,1139.54357910156,0.631764054298401,14892.318359375,11432.3896484375,8.0524320602417,11.229923248291,188.113265991211,258548.890625,850.239990234375,0.46458512544632,46605,"16"
"ID",2019,1281.08544921875,0.639963567256927,15596.4697265625,11929.8095703125,8.65953350067139,12.0945854187012,207.29753112793,286794.1875,994.799682617188,0.49248132109642,47487,"16"
"ID",2020,1384.24011230469,0.610873997211456,15990.3515625,12104.6484375,9.19065570831299,13.0052013397217,234.880340576172,324583.0625,1099.53588867188,0.479606479406357,44630,"16"
"ID",2021,1260.99694824219,0.427665650844574,15998.9443359375,12244.9755859375,8.40151214599609,11.725022315979,308.761596679688,431091.21875,977.0595703125,0.323181688785553,38113,"16"
"ID",2022,1538.46142578125,0.472886979579926,17090.35546875,12889.12890625,9.66868591308594,13.8775024414062,338.930511474609,492427.03125,1229.75512695312,0.37161648273468,34034,"16"
"ID",2023,1807.00830078125,NA,18185.373046875,13528.5888671875,10.6602754592896,15.6147699356079,NA,467325.3125,1458.58032226562,NA,35534,"16"
"ID",2024,1659.71057128906,NA,19373.296875,15238.8994140625,9.47302532196045,13.2055292129517,NA,471886.09375,1290.61010742188,NA,37960,"16"
"IL",2014,1711.34619140625,1.33701229095459,18775.865234375,11417.9384765625,9.59117889404297,16.8495483398438,132.947402954102,189882.703125,1255.32189941406,0.995383560657501,268368,"17"
"IL",2015,1786.0224609375,1.35055291652679,18731.013671875,11389.5087890625,10.165867805481,17.8440723419189,137.171310424805,196186.53125,1307.58056640625,0.997822761535645,215826,"17"
"IL",2016,1755.52563476562,1.26841390132904,19045.056640625,11536.2802734375,9.89790439605713,17.4697399139404,144.3115234375,205950.265625,1317.89892578125,0.952006995677948,276130,"17"
"IL",2017,1757.51989746094,1.24543821811676,19348.236328125,11645.779296875,9.71983242034912,17.30739402771,148.74821472168,214050.5625,1321.69323730469,0.928776562213898,295435,"17"
"IL",2018,1846.70617675781,1.25990152359009,20044.21484375,12087.515625,9.90201282501221,17.7570667266846,154.698959350586,224299.359375,1403.59997558594,0.948200285434723,256071,"17"
"IL",2019,1886.62817382812,1.26354777812958,20557.869140625,12343.6884765625,9.87869453430176,17.6577110290527,158.832611083984,227995.421875,1427.52001953125,0.931118309497833,238093,"17"
"IL",2020,1935.38647460938,1.25085067749023,20629.88671875,12295.8173828125,10.2473545074463,18.5160694122314,164.301315307617,233914.59375,1506.40991210938,0.951770424842834,208628,"17"
"IL",2021,1876.16540527344,1.0940957069397,20511.318359375,12000.849609375,9.97887897491455,18.2375144958496,183.410903930664,259057.03125,1497.65258789062,0.845163226127625,231135,"17"
"IL",2022,2111.0390625,1.1208690404892,21288.24609375,12365.1181640625,10.8062992095947,20.1084880828857,201.537658691406,286008.8125,1725.61962890625,0.88474577665329,239279,"17"
"IL",2023,2647.31860351562,NA,22731.748046875,12973.3212890625,12.4673290252686,23.7056732177734,NA,296152.75,2117.26684570312,NA,248779,"17"
"IL",2024,3281.34521484375,NA,25291.357421875,14365.568359375,13.7729835510254,26.7845993041992,NA,319401.90625,2621.47998046875,NA,297369,"17"
"IN",2014,1385.17932128906,1.51282382011414,11790.400390625,8465.7685546875,12.4393892288208,18.510705947876,98.4810180664062,128967.546875,1109.02001953125,1.18975341320038,149273,"18"
"IN",2015,1421.31091308594,1.47922110557556,11882.916015625,8480.412109375,12.6555013656616,19.016881942749,103.025733947754,134276.453125,1136.20251464844,1.1603057384491,139967,"18"
"IN",2016,1471.65295410156,1.4754331111908,11906.966796875,8522.48046875,13.1691045761108,19.6784763336182,106.806785583496,139493.203125,1212.080078125,1.19571566581726,164216,"18"
"IN",2017,1426.228515625,1.33360385894775,12083.1865234375,8658.5576171875,12.620475769043,18.8166942596436,113.816673278809,148033.78125,1178.09997558594,1.08681297302246,189458,"18"
"IN",2018,1453.28564453125,1.26923525333405,12366.0224609375,8902.08203125,12.6043004989624,18.7538566589355,121.234687805176,157055.71875,1204.71997070312,1.03624927997589,157131,"18"
"IN",2019,1512.33410644531,1.2172178030014,12933.1494140625,9281.87109375,12.5400810241699,18.7163619995117,130.65412902832,168237.40625,1251.99987792969,0.993864059448242,153283,"18"
"IN",2020,1509.603515625,1.12557446956635,12965.1650390625,9316.6865234375,12.52064037323,18.6953182220459,141.319046020508,180244.59375,1262.26037597656,0.922594904899597,133243,"18"
"IN",2021,1531.05749511719,0.985571801662445,12973.0908203125,9151.7548828125,12.6876468658447,19.1676044464111,163.218307495117,206589.890625,1309.82055664062,0.826401829719543,129885,"18"
"IN",2022,1731.11413574219,0.979314088821411,13538.375,9451.1650390625,13.7277145385742,21.1117210388184,186.001831054688,233693.921875,1480.40014648438,0.824000179767609,139243,"18"
"IN",2023,1965.03125,NA,14460.9912109375,9895.14453125,14.5219078063965,23.037181854248,NA,242577.859375,1658.9599609375,NA,139523,"18"
"IN",2024,2284.51782226562,NA,16539.810546875,11403.5673828125,15.1425399780273,24.3129024505615,NA,256426.703125,1955.49975585938,NA,165713,"18"
"KS",2014,1867.66784667969,1.75519609451294,14459.517578125,9551.3935546875,13.7017459869385,22.4260807037354,119.348388671875,160480.8125,1578.94006347656,1.41044521331787,60785,"20"
"KS",2015,1962.31018066406,1.74435293674469,14453.4248046875,9488.2119140625,14.2625064849854,23.392520904541,124.192138671875,166721.359375,1654.67016601562,1.40188181400299,69906,"20"
"KS",2016,1992.01013183594,1.68688786029816,14810.01953125,9635.017578125,14.3503141403198,23.7446136474609,130.711883544922,174175.859375,1730.44458007812,1.38926863670349,77434,"20"
"KS",2017,1962.66638183594,1.6150369644165,14940.28125,9730.5703125,14.1062049865723,23.3893051147461,136.722229003906,181899.828125,1697.02001953125,1.30766558647156,77837,"20"
"KS",2018,2017.83325195312,1.59345245361328,15350.826171875,9982.0244140625,14.2044143676758,23.6500492095947,142.040512084961,190255.515625,1765.15502929688,1.30307114124298,78494,"20"
"KS",2019,2095.26684570312,1.57296133041382,15893.1845703125,10295.9052734375,14.2718477249146,23.8805141448975,148.207702636719,199285.375,1839.8818359375,1.29547047615051,78554,"20"
"KS",2020,2096.04272460938,1.46972286701202,16109.955078125,10397.8642578125,14.1181087493896,23.6777725219727,157.524139404297,212907.859375,1867.93994140625,1.2247599363327,74107,"20"
"KS",2021,2179.90356445312,1.34258341789246,16395.349609375,10370.5302734375,14.4434986114502,24.6247444152832,177.866394042969,238444.609375,1950.49609375,1.13422465324402,71584,"20"
"KS",2022,2455.14672851562,1.32698464393616,16929.01171875,10574.9912109375,15.5948619842529,27.103967666626,202.296646118164,266229.875,2181.4423828125,1.12067127227783,65202,"20"
"KS",2023,2714.3994140625,NA,17911.146484375,10978.375,16.2021160125732,28.9519939422607,NA,281446.09375,2387.06079101562,NA,65437,"20"
"KS",2024,3085.33520507812,NA,19678.810546875,11982.4326171875,16.8954486846924,30.8492469787598,NA,294783.125,2697.04931640625,NA,66814,"20"
"KY",2014,1641.47521972656,1.56830728054047,13106.2958984375,9345.9619140625,13.0170936584473,19.4070072174072,109.920997619629,139836.078125,1333.84399414062,1.25178229808807,75992,"21"
"KY",2015,1664.2802734375,1.54617369174957,13108.2470703125,9299.0234375,13.2163019180298,19.8636245727539,113.461402893066,143889.046875,1352.12512207031,1.2246413230896,81383,"21"
"KY",2016,1672.59020996094,1.49085700511932,13277.693359375,9409.298828125,13.2509136199951,19.9028930664062,118.761352539062,149958.734375,1370.67272949219,1.18781757354736,97005,"21"
"KY",2017,1672.0029296875,1.42159843444824,13362.318359375,9478.7880859375,13.1941871643066,19.8005104064941,125.112602233887,157765.578125,1373.23999023438,1.12734818458557,95606,"21"
"KY",2018,1739.10424804688,1.40085196495056,13685.6904296875,9737.1630859375,13.4079008102417,20.0877742767334,131.849685668945,165199.078125,1445.01000976562,1.1284259557724,92675,"21"
"KY",2019,1837.45520019531,1.41231656074524,14185.630859375,10062.1826171875,13.687370300293,20.5643653869629,138.529937744141,173997.21875,1543.02001953125,1.14475858211517,90950,"21"
"KY",2020,1824.97961425781,1.30050015449524,14366.2509765625,10225.603515625,13.4908714294434,20.184045791626,149.438140869141,185509.53125,1545.66955566406,1.05610620975494,87552,"21"
"KY",2021,1865.49584960938,1.15440487861633,14328.8544921875,10110.62109375,13.8343067169189,20.6323928833008,171.509353637695,210308.46875,1580.60998535156,0.938090980052948,81155,"21"
"KY",2022,2095.13940429688,1.15912055969238,15144.146484375,10485.5087890625,14.6256694793701,22.5674819946289,191.027282714844,232020.265625,1784.93005371094,0.955706655979156,81395,"21"
"KY",2023,2286.48388671875,NA,15871.533203125,10942.203125,15.2252902984619,23.770601272583,NA,242073.03125,1915.15502929688,NA,84298,"21"
"KY",2024,2656.08154296875,NA,17522.1953125,12101.47265625,16.2498798370361,25.6417560577393,NA,251495.84375,2256.96997070312,NA,91345,"21"
"LA",2014,2434.97509765625,1.86697697639465,14961.9326171875,10429.431640625,16.4728450775146,25.6513061523438,133.666442871094,170845.296875,1961.26281738281,1.49841451644897,72843,"22"
"LA",2015,2388.65649414062,1.75289487838745,15037.5673828125,10452.25,16.0321846008301,25.0916118621826,139.900466918945,179069.953125,1897.67980957031,1.39944958686829,81763,"22"
"LA",2016,2369.22216796875,1.65073299407959,15347.5771484375,10676.61328125,15.5782508850098,24.447847366333,145.627593994141,186737.25,1872.42993164062,1.30448114871979,97225,"22"
"LA",2017,2262.67993164062,1.5698025226593,15401.244140625,10791.919921875,14.871392250061,23.146463394165,146.019134521484,187315.203125,1801.35949707031,1.24305009841919,96449,"22"
"LA",2018,2215.79150390625,1.52190494537354,15662.685546875,11030.1669921875,14.345664024353,22.2209053039551,147.68229675293,190780.09375,1762.1298828125,1.19144630432129,96901,"22"
"LA",2019,2161.36108398438,1.43428516387939,15923.5087890625,11288.8544921875,13.8451452255249,21.2647933959961,152.036834716797,196592.109375,1743.11987304688,1.14757764339447,95352,"22"
"LA",2020,2171.41137695312,1.37823486328125,16063.408203125,11402.72265625,13.8240776062012,21.21435546875,158.307708740234,206323.828125,1749.443359375,1.1093807220459,90193,"22"
"LA",2021,2262.95361328125,1.3363424539566,16101.3154296875,11205.8037109375,14.3773632049561,22.1892490386963,169.562530517578,219278.84375,1835.73461914062,1.0968953371048,85698,"22"
"LA",2022,2753.45849609375,1.53599941730499,16770.02734375,11311.5224609375,16.5944423675537,26.8447532653809,180.150817871094,232053.1875,2222.1416015625,1.25432932376862,88729,"22"
"LA",2023,3437.94140625,NA,17895.70703125,11637.587890625,19.1785678863525,32.4049911499023,NA,225561.9375,2731.7197265625,NA,92663,"22"
"LA",2024,3973.291015625,NA,19585.533203125,12703.3505859375,20.3510856628418,34.8531608581543,NA,220584.734375,3165.82543945312,NA,99993,"22"
"MA",2014,1807.63354492188,1.04598474502563,23447.251953125,16100.701171875,7.96419763565063,12.4572048187256,174.758453369141,358534.75,1434.84008789062,0.831805765628815,136477,"25"
"MA",2015,1926.77160644531,1.0624783039093,23511.447265625,16130.2802734375,8.46565246582031,13.3531351089478,183.449401855469,372532.375,1532.98046875,0.848714411258698,110766,"25"
"MA",2016,1936.32507324219,1.00766158103943,23770.458984375,16264.78125,8.43744564056396,13.3214082717896,194.639633178711,395278.15625,1563.9599609375,0.817435026168823,129937,"25"
"MA",2017,1944.45690917969,0.960356533527374,24411.064453125,16658.751953125,8.27107334136963,13.0787487030029,204.722961425781,421880.59375,1575.03051757812,0.781164169311523,136592,"25"
"MA",2018,1982.076171875,0.924826920032501,25305.38671875,17231.412109375,8.18980598449707,13.0181474685669,216.600570678711,450280.8125,1622.59912109375,0.760068476200104,155795,"25"
"MA",2019,2078.49926757812,0.949581682682037,26034.50390625,17639.65625,8.38632297515869,13.3841962814331,220.671203613281,458112.3125,1711.02099609375,0.784999549388885,171694,"25"
"MA",2020,2146.31298828125,0.923545777797699,26821.533203125,17935.638671875,8.44321155548096,13.6794385910034,233.984481811523,482791.96875,1740.78076171875,0.752817332744598,137554,"25"
"MA",2021,2048.75415039062,0.761066973209381,26587.95703125,17582.197265625,8.13740539550781,13.1335668563843,270.295440673828,543690.3125,1706.740234375,0.637632131576538,122284,"25"
"MA",2022,2299.40991210938,0.768875062465668,27293.19921875,17849.7890625,8.92165470123291,14.7434759140015,300.987884521484,598016.6875,1946.921875,0.652839303016663,119803,"25"
"MA",2023,2673.62377929688,NA,29058.12890625,18710.2734375,9.81308460235596,16.4387245178223,NA,618743.875,2232.40283203125,NA,130066,"25"
"MA",2024,2914.1396484375,NA,31257.30078125,20408.44140625,9.96476459503174,16.6976985931396,NA,673600.875,2490.44067382812,NA,161503,"25"
"MD",2014,1599.79370117188,0.910879254341125,22102.1875,16654.703125,7.58101272583008,10.9355449676514,190.154235839844,316336.5625,1137.04077148438,0.613768458366394,242502,"24"
"MD",2015,1639.2080078125,0.925292074680328,22253.080078125,16603.6171875,7.75974464416504,11.399772644043,192.347213745117,319531.125,1162.48999023438,0.6197709441185,224856,"24"
"MD",2016,1618.54467773438,0.900912523269653,22458.494140625,16593.755859375,7.66587448120117,11.3393487930298,197.321426391602,326771.71875,1202.96997070312,0.624709188938141,312699,"24"
"MD",2017,1749.33044433594,0.924309551715851,22609.7421875,16752.376953125,8.14547538757324,11.9356689453125,204.101287841797,337924.6875,1307.84301757812,0.65477979183197,270698,"24"
"MD",2018,1750.39038085938,0.885525465011597,23161.580078125,17258.72265625,7.99717712402344,11.6955299377441,212.20719909668,350138.40625,1329.548828125,0.638199269771576,257357,"24"
"MD",2019,1812.55334472656,0.883235991001129,23565.5078125,17593.57421875,8.12723827362061,11.8602237701416,218.285446166992,360030.71875,1408.29956054688,0.657387971878052,243588,"24"
"MD",2020,1830.56481933594,0.838814735412598,23775.228515625,17677.755859375,8.16134738922119,11.9952192306519,230.594787597656,379615.34375,1435.79943847656,0.632452368736267,234558,"24"
"MD",2021,1782.98815917969,0.730580806732178,24283.904296875,17186.44140625,7.96150398254395,11.909107208252,259.374969482422,419337.78125,1457.1708984375,0.571761071681976,248203,"24"
"MD",2022,2003.80676269531,0.76335996389389,24855.34375,17390.095703125,8.73342609405518,13.3470706939697,280.087524414062,447359.28125,1647.80395507812,0.598171710968018,227098,"24"
"MD",2023,2332.33227539062,NA,25846.814453125,17821.84375,9.75797939300537,15.1777219772339,NA,452088.09375,1903.36779785156,NA,227720,"24"
"MD",2024,2723.7958984375,NA,27697.1953125,18813.931640625,10.7524995803833,16.9544067382812,NA,467643.84375,2267.87963867188,NA,241808,"24"
"ME",2014,1571.40161132812,1.24449133872986,15862.14453125,11053.0361328125,10.1061544418335,15.6300096511841,131.093505859375,202764.84375,1200.51013183594,0.947713315486908,19020,"23"
"ME",2015,1319.08752441406,1.04452264308929,16441.421875,11402.9921875,8.16995429992676,12.8395872116089,132.582443237305,211800.109375,954.679931640625,0.736664414405823,21972,"23"
"ME",2016,1232.22106933594,0.943957924842834,16524.103515625,11453.01953125,7.63817548751831,11.9307193756104,138.842269897461,221239.046875,913.460266113281,0.683486342430115,25344,"23"
"ME",2017,1202.06335449219,0.841203272342682,16624.427734375,11547.3525390625,7.43504858016968,11.6232719421387,151.791366577148,237374.875,884.700378417969,0.59848541021347,24066,"23"
"ME",2018,1186.13037109375,0.789196968078613,17041.314453125,11892.279296875,7.34271001815796,11.1425113677979,160.444061279297,249935.71875,874.580017089844,0.559891641139984,26946,"23"
"ME",2019,1250.78857421875,0.791602849960327,17412.85546875,12096.0126953125,7.42312812805176,11.6009216308594,168.677551269531,258519.875,926.668334960938,0.565439164638519,26747,"23"
"ME",2020,1239.63256835938,0.726066827774048,17888.990234375,12404.2236328125,7.19537591934204,11.3024387359619,181.957977294922,284624.625,922.262329101562,0.519597172737122,23110,"23"
"ME",2021,1146.71728515625,0.532949805259705,17770.150390625,12305.068359375,6.73690938949585,10.4253578186035,229.584182739258,340134.28125,884.937377929688,0.39510178565979,24740,"23"
"ME",2022,1318.61254882812,0.530744254589081,18266.912109375,12606.6708984375,7.56614589691162,11.8810682296753,265.490325927734,387022.78125,1026.55859375,0.398927837610245,22695,"23"
"ME",2023,1636.8388671875,NA,19593.669921875,13421.2080078125,8.7628870010376,14.0583753585815,NA,409270.15625,1287.76123046875,NA,24781,"23"
"ME",2024,1798.54406738281,NA,21521.37890625,14898.921875,9.00402355194092,14.6117076873779,NA,430154.4375,1442.17724609375,NA,26792,"23"
"MI",2014,1492.58215332031,1.7838693857193,13439.0634765625,9058.9375,11.6966543197632,18.8484268188477,96.8540420532227,132733.09375,1155.53173828125,1.27491521835327,152820,"26"
"MI",2015,1638.8916015625,1.81945788860321,13591.5107421875,9101.9609375,12.6103954315186,20.4239406585693,103.767379760742,141910.875,1294.49096679688,1.33317887783051,169510,"26"
"MI",2016,1750.6318359375,1.82879400253296,13700.0771484375,9159.2392578125,13.3371152877808,21.5499038696289,109.992500305176,151268.34375,1390.62524414062,1.32625448703766,212352,"26"
"MI",2017,1679.41491699219,1.61291646957397,13859.587890625,9270.740234375,12.7972221374512,20.6552448272705,118.811508178711,162676.4375,1334.46997070312,1.19018054008484,216163,"26"
"MI",2018,1638.29125976562,1.44743049144745,14134.2900390625,9483.3388671875,12.4637651443481,20.0344104766846,126.436256408691,173366.5625,1296.98974609375,1.06809651851654,237556,"26"
"MI",2019,1752.26306152344,1.41634500026703,14534.689453125,9768.82421875,12.7868185043335,20.4469451904297,136.453475952148,185750.8125,1405.91394042969,1.06918776035309,280719,"26"
"MI",2020,1965.28100585938,1.4450535774231,15026.4638671875,10086.83203125,13.7349061965942,21.8901519775391,147.381271362305,200087.734375,1584.18041992188,1.11442291736603,196160,"26"
"MI",2021,1863.05041503906,1.22301340103149,14833.9736328125,9692.9169921875,13.3119440078735,21.7400417327881,166.433380126953,223977.21875,1474.5791015625,0.917010545730591,154796,"26"
"MI",2022,2012.31982421875,1.18406021595001,15341.201171875,10006.0927734375,13.8076057434082,22.7921409606934,183.405899047852,246234.984375,1606.98315429688,0.915309190750122,150364,"26"
"MI",2023,2321.42822265625,NA,16395.0859375,10556.2587890625,14.8744516372681,25.0456829071045,NA,253355.875,1862.46997070312,NA,162119,"26"
"MI",2024,2771.77709960938,NA,18708.517578125,12164.62109375,15.7882318496704,26.5868167877197,NA,267098.0625,2296.64501953125,NA,202348,"26"
"MN",2014,1782.75805664062,1.26761531829834,17119.537109375,11964.76171875,10.9568710327148,16.6539402008057,144.748489379883,212306.875,1482.26440429688,1.04728889465332,265291,"27"
"MN",2015,1917.31225585938,1.32576763629913,17396.734375,12058.2255859375,11.61549949646,17.8928470611572,149.162353515625,220973.421875,1607.83996582031,1.10147666931152,190351,"27"
"MN",2016,1907.16235351562,1.23559272289276,17742.13671875,12261.7705078125,11.3892555236816,17.5529651641846,159.150970458984,234527.328125,1618.97741699219,1.03687524795532,213886,"27"
"MN",2017,1857.337890625,1.14509928226471,17934.826171875,12475.3603515625,11.0281276702881,16.907808303833,168.413757324219,249766.75,1583.74987792969,0.957196533679962,231914,"27"
"MN",2018,1960.51525878906,1.15173697471619,18361.958984375,12752.3115234375,11.3876428604126,17.5141849517822,176.389022827148,264608.9375,1695.86645507812,0.975859880447388,223797,"27"
"MN",2019,2032.56591796875,1.12788236141205,19117.556640625,13169.859375,11.3130226135254,17.5503330230713,186.842971801758,277149.0625,1755.76196289062,0.954826831817627,219262,"27"
"MN",2020,2092.04736328125,1.09336411952972,19342.958984375,13213.228515625,11.4992971420288,18.0179843902588,197.818618774414,291139.21875,1832.88012695312,0.939699053764343,198452,"27"
"MN",2021,2095.04370117188,0.966002881526947,19259.310546875,13032.646484375,11.5929908752441,18.2352256774902,223.896469116211,325505.28125,1843.95727539062,0.833708882331848,172288,"27"
"MN",2022,2471.29516601562,1.07145023345947,19977.66015625,13292.3681640625,13.1376428604126,21.160514831543,237.388916015625,353119.4375,2192.08032226562,0.934434354305267,172624,"27"
"MN",2023,2973.4169921875,NA,21265.81640625,13742.4560546875,14.7907857894897,24.7819347381592,NA,355878.21875,2602.55029296875,NA,166772,"27"
"MN",2024,3317.8388671875,NA,23477.06640625,15263.6064453125,15.0876169204712,25.5660552978516,NA,363349.03125,2881.97021484375,NA,192724,"27"
"MO",2014,1655.81335449219,1.52140593528748,13689.5537109375,9486.1455078125,12.8064336776733,19.6726493835449,113.466850280762,143608.328125,1368.3701171875,1.23529839515686,130911,"29"
"MO",2015,1683.82434082031,1.47622275352478,13625.6455078125,9390.7197265625,13.1552572250366,20.3564529418945,118.739288330078,149343.90625,1407.61877441406,1.2111382484436,143578,"29"
"MO",2016,1721.86547851562,1.42439079284668,13787.1689453125,9495.162109375,13.3212556838989,20.6235332489014,125.457077026367,157797.375,1448.33056640625,1.18102025985718,166292,"29"
"MO",2017,1693.46862792969,1.32781589031219,13937.9052734375,9632.12109375,13.0445852279663,20.1170253753662,132.446136474609,166990.96875,1434.17041015625,1.10523533821106,171216,"29"
"MO",2018,1794.42993164062,1.3303736448288,14338.953125,9850.3427734375,13.413444519043,20.836971282959,139.517425537109,175551.703125,1525.6201171875,1.11440706253052,175585,"29"
"MO",2019,1827.95703125,1.28748798370361,14882.2705078125,10256.24609375,13.2446041107178,20.5140857696533,146.915374755859,184101.515625,1554.96997070312,1.07779920101166,178644,"29"
"MO",2020,1898.05895996094,1.26059091091156,15108.7080078125,10321.603515625,13.5028553009033,21.1636905670166,155.813903808594,195682.953125,1637.04455566406,1.06831455230713,177118,"29"
"MO",2021,1915.50427246094,1.11335515975952,15111.197265625,10239.337890625,13.7163715362549,21.4140605926514,177.929351806641,223273.6875,1657.33984375,0.948679029941559,159059,"29"
"MO",2022,2151.55883789062,1.11406922340393,15603.6259765625,10387.7392578125,14.8161430358887,23.8150577545166,200.417831420898,249524.359375,1862.76989746094,0.946958422660828,152404,"29"
"MO",2023,2295.04516601562,NA,16131.1875,10731.08203125,15.2428245544434,24.7754001617432,NA,258597.78125,1957.29516601562,NA,157966,"29"
"MO",2024,2786.68920898438,NA,17965.64453125,11777.126953125,16.6604328155518,27.9826145172119,NA,269013.78125,2372.98974609375,NA,161682,"29"
"MS",2014,2113.94848632812,2.29879379272461,13534.0126953125,9527.5185546875,16.1514911651611,24.7572402954102,104.78246307373,134155.78125,1726.74975585938,1.74885976314545,31569,"28"
"MS",2015,2173.11376953125,2.17333149909973,13540.85546875,9474.55859375,16.6388664245605,25.6936473846436,111.467514038086,142057.5,1791.87036132812,1.69051778316498,36298,"28"
"MS",2016,2168.14892578125,2.07368230819702,13679.447265625,9589.9853515625,16.5848083496094,25.4112205505371,114.510009765625,145699.859375,1810.01477050781,1.65643191337585,43828,"28"
"MS",2017,2111.80908203125,1.94958364963531,13736.0166015625,9652.7568359375,16.1929588317871,24.8011474609375,117.619079589844,149163.84375,1773.30493164062,1.57139873504639,45696,"28"
"MS",2018,2155.01489257812,1.95333850383759,14073.4404296875,9918.7666015625,16.1260223388672,24.71533203125,120.74543762207,154089.5,1813.72033691406,1.56981670856476,48863,"28"
"MS",2019,2211.76416015625,1.89810073375702,14438.8466796875,10173.46484375,16.125358581543,24.6838531494141,125.551040649414,159514.5625,1869.57019042969,1.55279421806335,48999,"28"
"MS",2020,2185.85668945312,1.7971875667572,14602.4130859375,10372.7587890625,15.876184463501,24.0885105133057,132.332855224609,167054.4375,1867.14111328125,1.46905422210693,47459,"28"
"MS",2021,2250.19702148438,1.59413611888885,14893.3056640625,10429.078125,15.9560947418213,24.4218349456787,152.385345458984,190616.8125,1922.79382324219,1.31135952472687,41867,"28"
"MS",2022,2531.65966796875,1.60160326957703,15492.5107421875,10709.64453125,17.2287635803223,26.9885425567627,170.534057617188,212166.578125,2166.80981445312,1.32550668716431,42103,"28"
"MS",2023,2865.1953125,NA,16291.4189453125,11138.97265625,18.423942565918,29.4217548370361,NA,213946.9375,2406.2294921875,NA,42268,"28"
"MS",2024,3092.53369140625,NA,17571.720703125,12116.38671875,18.6938991546631,29.9591636657715,NA,217068.671875,2615.54052734375,NA,46419,"28"
"MT",2014,1371.52270507812,0.881546676158905,14854.7275390625,11142.7119140625,9.75827121734619,13.965163230896,161.767044067383,221641.984375,1118.79504394531,0.711057543754578,38068,"30"
"MT",2015,1518.84313964844,0.933079898357391,15348.4931640625,11401.5810546875,10.4476490020752,15.2074737548828,170.803802490234,233588.5625,1237.009765625,0.746317446231842,28996,"30"
"MT",2016,1569.00732421875,0.96260666847229,15735.3818359375,11640.54296875,10.479323387146,15.3725919723511,176.742202758789,240980.515625,1271.78491210938,0.753196597099304,33752,"30"
"MT",2017,1562.56140136719,0.910237073898315,15978.2392578125,11848.6943359375,10.2837686538696,14.9979295730591,187.601226806641,253343.671875,1270.74291992188,0.714036583900452,34114,"30"
"MT",2018,1634.818359375,0.916042447090149,16652.861328125,12267.7705078125,10.3358707427979,15.2242660522461,194.895004272461,268119.96875,1356.97973632812,0.733880043029785,35524,"30"
"MT",2019,1697.64782714844,0.910786986351013,17134.732421875,12621.6162109375,10.5410757064819,15.5586566925049,205.066635131836,281780.0625,1431.60034179688,0.734697997570038,35313,"30"
"MT",2020,1729.83740234375,0.849661231040955,17597.89453125,12886.7900390625,10.4415493011475,15.4866247177124,224.528564453125,306837.875,1467.57019042969,0.688601493835449,31743,"30"
"MT",2021,1797.56896972656,0.726486623287201,17813.12109375,12826.361328125,10.8157968521118,16.1833972930908,275.920349121094,374324.09375,1530.84521484375,0.590851306915283,34166,"30"
"MT",2022,2031.65246582031,0.707844078540802,18504.224609375,13204.7998046875,11.7952184677124,17.9444580078125,319.243469238281,441442.875,1737.78002929688,0.575481057167053,28428,"30"
"MT",2023,2278.53051757812,NA,19465.837890625,13747.5810546875,12.5955200195312,19.6124515533447,NA,446373.09375,1923.47009277344,NA,27550,"30"
"MT",2024,2813.31420898438,NA,22256.458984375,15494.2880859375,13.8719234466553,22.3824501037598,NA,469504.96875,2427.37573242188,NA,31079,"30"
"NC",2014,1520.5302734375,1.26569783687592,14761.8984375,11019.205078125,10.7947511672974,15.4611883163452,127.179847717285,173446.09375,1174.98999023438,0.965900480747223,296074,"37"
"NC",2015,1561.19897460938,1.26427185535431,14894.9921875,11056.4609375,10.9803352355957,15.8640918731689,132.26188659668,180860.453125,1205.6376953125,0.956509828567505,310002,"37"
"NC",2016,1533.58581542969,1.18888080120087,15039.9365234375,11190.2099609375,10.7091150283813,15.4538240432739,139.6982421875,189273.515625,1186.78466796875,0.894010186195374,353144,"37"
"NC",2017,1550.63525390625,1.13513493537903,15282.58984375,11413.0107421875,10.6711645126343,15.3559637069702,148.980438232422,201108.515625,1186.26000976562,0.835266530513763,351797,"37"
"NC",2018,1550.07678222656,1.06929790973663,15612.775390625,11716.275390625,10.5258350372314,15.0728912353516,158.200012207031,213124.671875,1218.96508789062,0.802145838737488,351881,"37"
"NC",2019,1582.72424316406,1.03601324558258,16043.6328125,12040.1982421875,10.5478572845459,15.1077709197998,166.621337890625,224059.5625,1272.80993652344,0.789069652557373,364276,"37"
"NC",2020,1656.25598144531,0.997368395328522,16462.58203125,12268.1708984375,10.8226900100708,15.6359062194824,179.134017944336,239971.796875,1358.27001953125,0.782161712646484,369813,"37"
"NC",2021,1651.21337890625,0.851335763931274,16531.279296875,12194.099609375,10.9432916641235,15.6822214126587,210.61540222168,280097.40625,1354.54174804688,0.660404920578003,333320,"37"
"NC",2022,1822.7998046875,0.796895265579224,17129.357421875,12472.453125,11.5951166152954,17.1269111633301,251.293792724609,333526.4375,1484.56274414062,0.61455774307251,300339,"37"
"NC",2023,2086.90649414062,NA,17994.12890625,12944.0732421875,12.6119861602783,19.0750122070312,NA,344490.59375,1682.76000976562,NA,300593,"37"
"NC",2024,2448.02197265625,NA,19706.623046875,14046.3564453125,13.6731519699097,21.1720657348633,NA,356651.75,2027.88391113281,NA,315946,"37"
"ND",2014,1494.49865722656,0.802829504013062,14984.4091796875,10681.9033203125,10.4490184783936,15.5008125305176,190.64030456543,230819.46875,1217.71997070312,0.647981286048889,10272,"38"
"ND",2015,1760.11450195312,0.872101783752441,15558.3056640625,11096.6748046875,11.8171997070312,17.6236095428467,205.712982177734,249878.140625,1450.28479003906,0.722272276878357,12722,"38"
"ND",2016,1737.38488769531,0.85484915971756,16132.8994140625,11586.0595703125,11.4295501708984,17.0391616821289,206.818756103516,251565.515625,1437.23059082031,0.700850367546082,14793,"38"
"ND",2017,1756.17346191406,0.883567750453949,16482.0234375,11822.66015625,11.3589172363281,16.9255619049072,203.146667480469,247716.109375,1467.41027832031,0.730023443698883,14232,"38"
"ND",2018,1862.79541015625,0.95468807220459,17187.185546875,12152.623046875,11.5628633499146,17.4611473083496,199.904312133789,241898.0625,1601.39990234375,0.81354022026062,15993,"38"
"ND",2019,1791.15063476562,0.909015953540802,17482.181640625,12432.693359375,10.9694814682007,16.470287322998,202.811767578125,245447.0625,1530.93981933594,0.76654976606369,14891,"38"
"ND",2020,1773.13061523438,0.87658029794693,17614.412109375,12514.4404296875,10.7997646331787,16.2134246826172,208.025573730469,252453.859375,1517.68115234375,0.734162211418152,13694,"38"
"ND",2021,1824.65075683594,0.851229131221771,17904.337890625,12529.720703125,10.9158411026001,16.4965438842773,220.153457641602,266942.28125,1564.79992675781,0.719731867313385,13166,"38"
"ND",2022,1968.61584472656,0.861415505409241,18243.251953125,12635.7333984375,11.5684480667114,17.7621021270752,235.023895263672,284076.625,1703.13989257812,0.73190039396286,13092,"38"
"ND",2023,2259.68994140625,NA,19263.626953125,13084.857421875,12.5531749725342,19.7573795318604,NA,289920.875,1985.60192871094,NA,12634,"38"
"ND",2024,2505.42578125,NA,20889.86328125,14165.1552734375,12.9911298751831,20.730827331543,NA,295766.125,2204.59985351562,NA,13473,"38"
"NE",2014,1533.1494140625,1.34846305847168,14093.51953125,8929.18359375,11.6468181610107,19.4793148040771,116.212608337402,151662.296875,1297.88000488281,1.12432098388672,68393,"31"
"NE",2015,1689.14025878906,1.41131794452667,14402.2451171875,9107.6259765625,12.5177431106567,21.0924625396729,121.65202331543,157757.46875,1424.41943359375,1.17528259754181,52729,"31"
"NE",2016,1848.74719238281,1.49601769447327,14876.74609375,9346.736328125,13.2954254150391,22.4830150604248,127.151351928711,164986.296875,1590.14025878906,1.25626754760742,56925,"31"
"NE",2017,1887.693359375,1.48125386238098,15245.4248046875,9568.2314453125,13.2684326171875,22.5070037841797,131.582809448242,173755.15625,1626.84008789062,1.24459671974182,60862,"31"
"NE",2018,2031.60791015625,1.49824798107147,15729.63671875,9804.6083984375,13.8215856552124,23.6722221374512,140.271148681641,184144.296875,1751.28002929688,1.2557178735733,64539,"31"
"NE",2019,2145.81030273438,1.49118530750275,16454.615234375,10192.00390625,13.9702157974243,24.0960426330566,148.431564331055,193842.59375,1869.93920898438,1.27120065689087,60091,"31"
"NE",2020,2228.693359375,1.43812763690948,16787.3984375,10266.45703125,14.1942119598389,24.771167755127,159.781036376953,207095.703125,1952.91015625,1.23474776744843,56680,"31"
"NE",2021,2350.56079101562,1.31524097919464,17189.552734375,10279.7353515625,14.4930715560913,25.7935390472412,183.872360229492,236006.734375,2054.57470703125,1.1225346326828,51813,"31"
"NE",2022,2682.12451171875,1.3448885679245,18133.033203125,10708.2041015625,15.6669216156006,28.579418182373,205.261123657227,261678.453125,2357.87646484375,1.15678668022156,51127,"31"
"NE",2023,3138.46362304688,NA,19271.162109375,11082.2333984375,17.1818809509277,32.4676780700684,NA,273823.46875,2749.69897460938,NA,50129,"31"
"NE",2024,3699.97338867188,NA,21312.943359375,12163.91796875,18.3774642944336,35.6275291442871,NA,283366.09375,3218.08984375,NA,47196,"31"
"NH",2014,1872.61791992188,1.44729101657867,21017.259765625,13136.5244140625,8.9188404083252,15.4207010269165,131.208236694336,241964.203125,1334.01000976562,1.01862549781799,27557,"33"
"NH",2015,1761.34155273438,1.30482172966003,21332.294921875,13409.875,8.2895336151123,14.4390392303467,138.217590332031,254352.796875,1285.10009765625,0.932174980640411,30116,"33"
"NH",2016,1583.22216796875,1.10065221786499,21436.31640625,13379.5419921875,7.5104398727417,13.0764923095703,147.096221923828,266458.34375,1166.88000488281,0.795406699180603,41841,"33"
"NH",2017,1663.0322265625,1.09231781959534,21921.646484375,13696.9404296875,7.67868614196777,13.4000444412231,155.766418457031,284178.90625,1224.92041015625,0.789509117603302,38739,"33"
"NH",2018,1691.20825195312,1.02201235294342,22487.802734375,14131.83984375,7.70303440093994,13.391429901123,169.462173461914,301495.75,1272.6005859375,0.750432312488556,41617,"33"
"NH",2019,1761.78210449219,1.03170764446259,23166.08203125,14507.84375,7.71758842468262,13.4459133148193,173.800262451172,314402,1318.67016601562,0.761672258377075,41496,"33"
"NH",2020,1675.99755859375,0.905325472354889,23262.25390625,14550.7470703125,7.46832084655762,13.0128393173218,189.630432128906,336726.15625,1266.78881835938,0.672853827476501,38166,"33"
"NH",2021,1754.21105957031,0.79224967956543,23449.208984375,14396.7265625,7.6465744972229,13.4969644546509,224.407653808594,399574.96875,1362.86047363281,0.608841478824615,31792,"33"
"NH",2022,1727.4443359375,0.685790598392487,23745.65234375,14711.3486328125,7.56654691696167,13.2520360946655,254.342102050781,454145.96875,1375.80017089844,0.541053831577301,30184,"33"
"NH",2023,1980.08544921875,NA,25070.2890625,15435.1005859375,8.2586145401001,14.7019052505493,NA,485434.03125,1592.93920898438,NA,30570,"33"
"NH",2024,2569.80297851562,NA,27984.373046875,17188.916015625,9.6729850769043,17.5277500152588,NA,523874.40625,2120.46020507812,NA,33116,"33"
"NJ",2014,2138.50708007812,1.17554557323456,27092.609375,16056.7578125,8.27537631988525,15.1868667602539,192.695785522461,323404.71875,1554.60083007812,0.827978730201721,221490,"34"
"NJ",2015,2150.68579101562,1.15851926803589,27191.51171875,16053.4931640625,8.27257823944092,15.3930149078369,195.874069213867,330302.875,1565.9501953125,0.824870705604553,210064,"34"
"NJ",2016,2030.6162109375,1.05491495132446,27610.7890625,16189.212890625,7.6592755317688,14.2531538009644,202.705749511719,342690.5625,1494.00024414062,0.759540319442749,287930,"34"
"NJ",2017,2071.28881835938,1.05336201190948,28053.669921875,16504.255859375,7.73610544204712,14.3172626495361,207.441955566406,353595.5,1487.84057617188,0.740706741809845,242236,"34"
"NJ",2018,1986.90966796875,0.986841440200806,28379.841796875,16735.185546875,7.41260814666748,13.7245559692383,212.536331176758,366854.46875,1453.92944335938,0.707211971282959,251072,"34"
"NJ",2019,2033.65490722656,0.966659486293793,29051.234375,17149.15234375,7.32708978652954,13.5579633712769,220.695724487305,378742.8125,1475.6015625,0.692395150661469,249623,"34"
"NJ",2020,2103.73779296875,0.941439032554626,29529.505859375,17288.99609375,7.58536529541016,14.2158174514771,234.099533081055,397673.8125,1567.0927734375,0.695793271064758,235416,"34"
"NJ",2021,1894.46081542969,0.756872296333313,28809.904296875,16595.583984375,6.97513484954834,13.072226524353,258.248840332031,441394.34375,1468.16088867188,0.585618257522583,243080,"34"
"NJ",2022,2140.05517578125,0.768426597118378,29879.115234375,17192.81640625,7.59061002731323,14.3225431442261,285.27978515625,490581.125,1671.55126953125,0.600405097007751,241507,"34"
"NJ",2023,2466.53369140625,NA,30972.02734375,17689.84765625,8.57021522521973,16.3096904754639,NA,516654.90625,1928.740234375,NA,249871,"34"
"NJ",2024,2664.25122070312,NA,32678.3359375,18850.31640625,8.84924602508545,16.7582054138184,NA,558052.3125,2155.22021484375,NA,279537,"34"
"NM",2014,1378.99816894531,1.04058432579041,14504.79296875,10933.5185546875,10.06702709198,14.4047517776489,136.468490600586,182299.734375,1041.18786621094,0.757953286170959,43587,"35"
"NM",2015,1393.03820800781,1.02329838275909,14454.103515625,10811.5556640625,10.2759733200073,14.7738933563232,139.535751342773,185895.578125,1054.1923828125,0.748933494091034,46114,"35"
"NM",2016,1395.73937988281,1.04453659057617,14550.31640625,10860.21875,10.2233858108521,14.7059869766235,139.986526489258,185903.984375,1068.71997070312,0.779329299926758,55291,"35"
"NM",2017,1374.63916015625,0.993865549564362,14784.2861328125,11023.693359375,9.95140171051025,14.4002742767334,145.983474731445,192936.078125,1064.13000488281,0.744624257087708,56510,"35"
"NM",2018,1395.11450195312,0.988173127174377,14986.458984375,11205.0107421875,10.030460357666,14.4736633300781,150.357452392578,198722.96875,1103.19482421875,0.752363801002502,55658,"35"
"NM",2019,1497.57287597656,0.98740828037262,15466.306640625,11486.34765625,10.469651222229,15.1747522354126,162.167190551758,211922.90625,1204.13354492188,0.765885472297668,57266,"35"
"NM",2020,1512.46899414062,0.917925298213959,15632.1044921875,11577.5693359375,10.5039844512939,15.2815246582031,176.599716186523,229579.03125,1229.26000976562,0.71755176782608,57614,"35"
"NM",2021,1534.3662109375,0.815758466720581,15600.849609375,11360.26171875,10.6308860778809,15.6340637207031,204.008865356445,263526.03125,1257.34033203125,0.631374001502991,54141,"35"
"NM",2022,1695.48571777344,0.803467690944672,16014.0068359375,11587.3623046875,11.4032821655273,16.9833450317383,232.952026367188,297036.8125,1378.55859375,0.600308239459991,48285,"35"
"NM",2023,1925.04174804688,NA,16821,11989.4609375,12.26633644104,18.7731590270996,NA,309804.0625,1548.13989257812,NA,48703,"35"
"NM",2024,2320.63330078125,NA,18655.185546875,13221.767578125,13.5408973693848,21.1714553833008,NA,320463.375,1874.45922851562,NA,48318,"35"
"NV",2014,1088.6044921875,0.683316707611084,15157.927734375,11820.9384765625,7.41957473754883,10.0474300384521,161.157836914062,209988.234375,764.412048339844,0.476901292800903,100984,"32"
"NV",2015,1157.10339355469,0.673555195331573,15495.427734375,12083.84375,7.82922601699829,10.6504592895508,173.717636108398,227428.765625,838.029968261719,0.484573632478714,79477,"32"
"NV",2016,1116.85986328125,0.608771920204163,15763.421875,12348.5283203125,7.46980953216553,10.1064138412476,185.996932983398,246245.65625,829.350036621094,0.448198139667511,96751,"32"
"NV",2017,1089.97131347656,0.554842352867126,16251.3056640625,12725.50390625,6.96229648590088,9.45327186584473,199.681442260742,270825.0625,773.560241699219,0.38642430305481,110037,"32"
"NV",2018,1159.880859375,0.526420891284943,17042.943359375,13435.630859375,7.05356025695801,9.54000377655029,223.478530883789,305442.1875,823.662109375,0.368312388658524,85021,"32"
"NV",2019,1248.53503417969,0.526610672473907,17474.001953125,13841.3671875,7.47537136077881,10.0104808807373,240.113174438477,324116.25,911.619384765625,0.38067489862442,88477,"32"
"NV",2020,1273.84545898438,0.514624297618866,17280.001953125,13587.359375,7.76654529571533,10.6055393218994,250.494384765625,338734.4375,941.189453125,0.377703040838242,73663,"32"
"NV",2021,1206.4111328125,0.428653508424759,17358.21484375,13492.7265625,7.45032691955566,10.0481042861938,284.376525878906,391541.71875,946.514770507812,0.334872305393219,69560,"32"
"NV",2022,1332.07006835938,0.398095428943634,18322.896484375,14136.0927734375,7.86063194274902,10.7685146331787,337.670867919922,467524.5625,1038.859375,0.308090507984161,68515,"32"
"NV",2023,1487.19177246094,NA,19235.279296875,14777.3759765625,8.33987426757812,11.619704246521,NA,447269.15625,1148.41979980469,NA,74914,"32"
"NV",2024,1688.43225097656,NA,21293.642578125,16443.66796875,8.81253051757812,12.2173881530762,NA,467212.625,1342.73999023438,NA,82265,"32"
"NY",2014,2567.80517578125,1.34292733669281,25616.529296875,15595.599609375,10.5032052993774,18.5449028015137,202.365921020508,336784.59375,1837.92004394531,0.965909123420715,284543,"36"
"NY",2015,2634.6484375,1.34950697422028,26173.5546875,15786.7587890625,10.5747146606445,18.9660892486572,207.297317504883,355382.6875,1841.61987304688,0.960446894168854,238540,"36"
"NY",2016,2511.53393554688,1.25054705142975,25921.900390625,15584.16796875,10.1279745101929,18.1898517608643,213.672592163086,365293.84375,1761.65991210938,0.888911724090576,274580,"36"
"NY",2017,2441.36645507812,1.18903851509094,25462.453125,15314.609375,10.0243949890137,18.0083065032959,219.726837158203,377813.9375,1674.97021484375,0.829598248004913,312751,"36"
"NY",2018,2515.46533203125,1.17896831035614,25881.4140625,15582.310546875,10.231556892395,18.326000213623,231.494430541992,391281.4375,1757.88012695312,0.83441162109375,324742,"36"
"NY",2019,2541.30590820312,1.14315950870514,26111.35546875,15607.68359375,10.2514591217041,18.4558944702148,239.988250732422,402744.59375,1815.87084960938,0.833145678043365,374287,"36"
"NY",2020,2568.71997070312,1.08715713024139,27274.830078125,16115.189453125,10.1035947799683,18.1670398712158,252.805191040039,422492.71875,1747.61315917969,0.752908289432526,255571,"36"
"NY",2021,2453.201171875,0.945502400398254,28027.693359375,16318.380859375,9.54318618774414,17.315465927124,277.543640136719,468829.5,1766.38696289062,0.677099347114563,283212,"36"
"NY",2022,2520.60302734375,0.877708971500397,29156.974609375,16962.841796875,9.41671848297119,17.2341175079346,305.511444091797,516650.03125,1855.81518554688,0.640958905220032,259634,"36"
"NY",2023,2969.7958984375,NA,30274.16796875,17467.03125,10.6402969360352,19.2172241210938,NA,525376.5,2096.35009765625,NA,275578,"36"
"NY",2024,3149.77416992188,NA,32081.2578125,18728.09765625,10.5304756164551,19.1187057495117,NA,566364.375,2257.20922851562,NA,280875,"36"
"OH",2014,1299.22265625,1.57970416545868,13534.4423828125,8788.3662109375,10.226900100708,16.7179775238037,90.0510864257812,127385.78125,1006.31555175781,1.19513988494873,220356,"39"
"OH",2015,1334.51708984375,1.55125880241394,13471.4736328125,8733.0546875,10.5680103302002,17.3671398162842,94.081672668457,132107.9375,1043.60314941406,1.18000507354736,198945,"39"
"OH",2016,1294.29138183594,1.42124485969543,13517.2451171875,8782.8798828125,10.3884887695312,16.9680728912354,99.4517288208008,138687.1875,1034.06958007812,1.10487794876099,242504,"39"
"OH",2017,1276.27124023438,1.31691825389862,13786.119140625,8946.4560546875,10.0848455429077,16.4643077850342,105.684562683105,146675.640625,1021.46997070312,1.02291917800903,250089,"39"
"OH",2018,1326.44519042969,1.26569366455078,14071.154296875,9132.78125,10.2360687255859,16.7261199951172,113.437889099121,155471.25,1066.69580078125,0.993055284023285,262838,"39"
"OH",2019,1340.1728515625,1.20278179645538,14498.822265625,9429.7705078125,10.0682220458984,16.4508762359619,120.795341491699,165033.46875,1081.06030273438,0.936988055706024,234589,"39"
"OH",2020,1308.47924804688,1.08376169204712,14626.345703125,9523.291015625,9.83266544342041,16.0123119354248,130.782165527344,176429.828125,1070.63012695312,0.858603060245514,220779,"39"
"OH",2021,1417.07360839844,0.988634049892426,14937.0908203125,9461.91796875,10.2930917739868,17.1528301239014,153.995651245117,204076.546875,1178.34558105469,0.803117990493774,203153,"39"
"OH",2022,1538.13415527344,0.977349460124969,15301.279296875,9710.5869140625,10.9883451461792,18.4890384674072,170.482406616211,225540.40625,1286.6455078125,0.793138861656189,200302,"39"
"OH",2023,1734.36669921875,NA,16046.9306640625,10197.98046875,11.7692527770996,19.9775695800781,NA,235918.765625,1429.78002929688,NA,214100,"39"
"OH",2024,2061.0537109375,NA,17986.638671875,11559.2109375,12.5048208236694,21.5531253814697,NA,247029.8125,1702.22009277344,NA,260399,"39"
"OK",2014,2301.96435546875,2.46367073059082,13468.9931640625,8964.248046875,17.81764793396,28.3995952606201,96.657600402832,127026.5859375,1969.54504394531,2.07835173606873,56710,"40"
"OK",2015,2377.25634765625,2.42673516273499,13595.9560546875,8963.3291015625,18.172758102417,29.3421421051025,101.171165466309,131854.90625,2034.03002929688,2.04917407035828,61808,"40"
"OK",2016,2360.58862304688,2.36419725418091,13784.646484375,9120.4228515625,17.9092292785645,28.8653736114502,103.297988891602,134845.90625,2033.67590332031,2.00726509094238,73842,"40"
"OK",2017,2404.76440429688,2.35521030426025,14076.1923828125,9368.7626953125,17.8121814727783,28.6106853485107,105.483360290527,138798.53125,2061.11987304688,1.99610722064972,79771,"40"
"OK",2018,2349.94921875,2.24373579025269,14205.1796875,9492.1328125,17.3711853027344,27.8209362030029,108.65699005127,142367.015625,2029.39331054688,1.90090703964233,80607,"40"
"OK",2019,2443.75170898438,2.26124572753906,14672.0048828125,9796.611328125,17.452766418457,27.9883098602295,112.160118103027,147767.203125,2105.1201171875,1.90425145626068,82857,"40"
"OK",2020,2429.92626953125,2.10005354881287,14790.3955078125,9865.14453125,17.2795257568359,27.6819362640381,120.599494934082,157658.875,2113.23974609375,1.77637577056885,82517,"40"
"OK",2021,2474.02270507812,1.8947514295578,14967.0341796875,9853.94921875,17.4941387176514,28.0000495910645,136.681747436523,178070.140625,2162.9599609375,1.60914325714111,77898,"40"
"OK",2022,2720.29272460938,1.82355165481567,15563.1357421875,10077.212890625,18.3602867126465,30.3729305267334,156.163772583008,202583.9375,2360.01953125,1.53812980651855,75846,"40"
"OK",2023,3103.2724609375,NA,16424.1328125,10429.0576171875,19.6534061431885,33.4425659179688,NA,212113.390625,2646.80859375,NA,77022,"40"
"OK",2024,3551.23266601562,NA,18223.20703125,11528.76171875,20.5702285766602,35.763744354248,NA,218777.875,3024.98388671875,NA,73756,"40"
"OR",2014,1224.35314941406,0.793351054191589,17631.958984375,12886.0224609375,6.95554399490356,10.2288913726807,158.85270690918,255009.765625,820.700073242188,0.529164791107178,86787,"41"
"OR",2015,1186.96484375,0.72072845697403,17882.591796875,13018.904296875,6.82140350341797,10.0322847366333,169.980285644531,278840.3125,816.645812988281,0.491224974393845,89787,"41"
"OR",2016,1130.62622070312,0.625778615474701,18134.482421875,13258.224609375,6.43288660049438,9.42873191833496,187.275604248047,313736.0625,786.029541015625,0.429359883069992,109953,"41"
"OR",2017,1122.54931640625,0.582637906074524,18633.912109375,13656.2373046875,6.2769455909729,9.12699413299561,199.296264648438,342228.1875,779.5693359375,0.397615551948547,111845,"41"
"OR",2018,1185.70068359375,0.57976633310318,19587.02734375,14380.94140625,6.27267599105835,9.13936805725098,210.918548583984,362867.65625,837.9501953125,0.404849678277969,112647,"41"
"OR",2019,1247.62280273438,0.582063257694244,20287.173828125,14909.357421875,6.39009571075439,9.33588790893555,220.167495727539,374550.28125,918.890014648438,0.423452585935593,111779,"41"
"OR",2020,1189.69360351562,0.518978118896484,20617.048828125,15101.2412109375,6.05452346801758,8.94351959228516,234.682403564453,396949.21875,871.400451660156,0.376192390918732,108666,"41"
"OR",2021,1171.97473144531,0.436188548803329,20434.9453125,14929.306640625,6.12456512451172,8.85948181152344,275.341522216797,462523.78125,905.800415039062,0.332331836223602,95151,"41"
"OR",2022,1422.19104003906,0.480073690414429,21455.41015625,15405.5830078125,7.02826118469238,10.4989633560181,304.746398925781,515819.59375,1103.01940917969,0.36556088924408,85708,"41"
"OR",2023,1560.75598144531,NA,22563.037109375,16130.974609375,7.3931679725647,11.233980178833,NA,505566.5625,1182.0986328125,NA,92253,"41"
"OR",2024,1705.15441894531,NA,24417.6328125,17657.08984375,7.63416719436646,11.513388633728,NA,510668.28125,1331.63110351562,NA,106406,"41"
"PA",2014,1338.82373046875,1.02943623065948,16976.232421875,11160.87890625,8.24493503570557,13.5763702392578,140.521896362305,187567.578125,952.22998046875,0.714594483375549,363074,"42"
"PA",2015,1383.06628417969,1.0429310798645,16858.126953125,11015.9208984375,8.53754711151123,14.2095546722412,140.741577148438,188328.328125,969.552612304688,0.738326370716095,284998,"42"
"PA",2016,1369.619140625,1.00686037540436,16892.3046875,11033.1298828125,8.53965663909912,14.1873388290405,144.707015991211,193319.6875,989.285034179688,0.729366779327393,353436,"42"
"PA",2017,1364.3759765625,0.948409080505371,17388.951171875,11353.78125,8.26108837127686,13.7933912277222,152.355941772461,202840.453125,982.5849609375,0.688600897789001,349418,"42"
"PA",2018,1369.41467285156,0.903601408004761,17803.11328125,11659.26171875,8.11248302459717,13.5255994796753,159.794296264648,212906.671875,994.120544433594,0.662626326084137,343998,"42"
"PA",2019,1371.93957519531,0.872971832752228,18229.548828125,11937.27734375,7.93617677688599,13.1899251937866,165.787933349609,220533.578125,995.365112304688,0.633896291255951,332121,"42"
"PA",2020,1344.32348632812,0.801709949970245,18286.681640625,12065.447265625,7.8082218170166,12.9537134170532,175.552993774414,233666.609375,978.810119628906,0.586722135543823,224252,"42"
"PA",2021,1289.13977050781,0.677381813526154,18292.39453125,11866.9970703125,7.52461099624634,12.4551057815552,199.834274291992,266355.75,987.026245117188,0.518652439117432,354505,"42"
"PA",2022,1525.4306640625,0.736411213874817,18940.6015625,12203.392578125,8.56983852386475,14.3855619430542,217.990570068359,291252.90625,1169.56005859375,0.563470482826233,305080,"42"
"PA",2023,1761.18505859375,NA,19874.126953125,12718.8447265625,9.37241077423096,16.0644626617432,NA,302917.0625,1349.15014648438,NA,299826,"42"
"PA",2024,1951.78247070312,NA,21208.35546875,13748.41796875,9.83085918426514,16.7913818359375,NA,319064.25,1534.71374511719,NA,344522,"42"
"RI",2014,1811.51281738281,1.52296364307404,19443.380859375,12629.9931640625,9.26486682891846,15.5084018707275,119.122230529785,233753.765625,1373.43994140625,1.16076755523682,20167,"44"
"RI",2015,1907.89184570312,1.57021415233612,19659.634765625,12734.7021484375,9.65242671966553,16.3031272888184,121.63313293457,240240.203125,1442.28002929688,1.19365847110748,16749,"44"
"RI",2016,1869.81945800781,1.43533635139465,19820.7890625,12857.578125,9.44784545898438,15.924090385437,130.713928222656,258054.140625,1453.08337402344,1.12160933017731,19435,"44"
"RI",2017,1918.93481445312,1.35023188591003,20174.689453125,13103.9453125,9.52870082855225,16.0235176086426,142.500915527344,278537.125,1501.33166503906,1.05884385108948,18999,"44"
"RI",2018,1958.03259277344,1.27281188964844,20693.44140625,13490.978515625,9.49056911468506,15.8586673736572,154.387619018555,299369.65625,1558.92004394531,1.01674354076385,19969,"44"
"RI",2019,2033.45251464844,1.27936470508575,21191.9375,13777.8291015625,9.6546049118042,16.1634998321533,159.728042602539,309293.15625,1646.80004882812,1.03866899013519,19205,"44"
"RI",2020,2124.64990234375,1.2179046869278,21630.224609375,14029.2548828125,9.88620185852051,16.7676372528076,175.012542724609,331942.96875,1721.39990234375,0.992647171020508,16189,"44"
"RI",2021,1990.4970703125,0.967264771461487,21346.4375,13655.404296875,9.40208625793457,15.8544120788574,206.522415161133,384501.5,1639.16064453125,0.803317248821259,20631,"44"
"RI",2022,2230.19409179688,0.957692563533783,22056.671875,14097.6953125,10.3020248413086,17.5586643218994,233.533798217773,432230.65625,1889.59985351562,0.819105863571167,17457,"44"
"RI",2023,2507.79931640625,NA,23199.75,14807.4970703125,11.0800790786743,19.0961246490479,NA,453295.65625,2129.48388671875,NA,20226,"44"
"RI",2024,2741.2900390625,NA,25005.2109375,16173.328125,11.4981842041016,19.7459354400635,NA,485060.28125,2398.40893554688,NA,23136,"44"
"SC",2014,1631.45861816406,1.34819042682648,13917.8759765625,10614.126953125,12.0620059967041,17.0212440490723,123.707862854004,164624.125,1255.3203125,1.06933045387268,153200,"45"
"SC",2015,1802.88842773438,1.40079259872437,14004.8271484375,10630.90625,13.0117979049683,18.5812034606934,130.810958862305,173524.78125,1345.06994628906,1.09010243415833,126871,"45"
"SC",2016,1803.04113769531,1.32553374767303,14163.8037109375,10756.9052734375,12.9549045562744,18.4593124389648,138.342483520508,183645.265625,1353.87060546875,1.04548692703247,152215,"45"
"SC",2017,1776.53112792969,1.24977540969849,14302.701171875,10900.3681640625,12.725209236145,18.0687885284424,145.528244018555,192517.734375,1336.05810546875,0.978470087051392,152038,"45"
"SC",2018,1777.42272949219,1.18838346004486,14582.564453125,11205.650390625,12.5886487960815,17.7197341918945,153.112945556641,202472.328125,1350.7919921875,0.941847741603851,153942,"45"
"SC",2019,1845.29931640625,1.17322647571564,15042.7607421875,11512.943359375,12.6298761367798,17.8701496124268,160.594924926758,211654.578125,1408.44995117188,0.928263783454895,154372,"45"
"SC",2020,1825.09484863281,1.09230411052704,15074.3232421875,11553.1796875,12.516942024231,17.6542816162109,170.124450683594,223556.953125,1385.52001953125,0.860169947147369,149129,"45"
"SC",2021,1857.60974121094,0.957785904407501,15377.525390625,11520.4423828125,12.5300588607788,17.8458652496338,197.589157104492,257615.09375,1416.4541015625,0.75821715593338,135312,"45"
"SC",2022,2036.00952148438,0.894050598144531,15700.8173828125,11627.4921875,13.4791088104248,19.5792083740234,234.237747192383,303175.65625,1560.49975585938,0.705950498580933,127892,"45"
"SC",2023,2323.08984375,NA,16413.9921875,11972.373046875,14.6361408233643,21.7405300140381,NA,316860.34375,1747.0595703125,NA,129401,"45"
"SC",2024,2557.76611328125,NA,18087.78515625,13241.0810546875,14.8956241607666,22.1159248352051,NA,330693.96875,1944.36010742188,NA,136861,"45"
"SD",2014,1476.31665039062,1.059326171875,14409.6025390625,9923.013671875,10.7072849273682,16.5533504486084,136.439300537109,172310.421875,1221.20007324219,0.882397413253784,21912,"46"
"SD",2015,1586.955078125,1.090705037117,14870.8408203125,10172.8583984375,11.1251287460327,17.3894138336182,142.484497070312,180297.125,1309.3154296875,0.907317042350769,18844,"46"
"SD",2016,1651.810546875,1.07065832614899,15322.6630859375,10452.34765625,11.2965984344482,17.742073059082,156.827896118164,194738.6875,1383.455078125,0.897637486457825,20958,"46"
"SD",2017,1628.00378417969,1.01980137825012,15371.9951171875,10596.5810546875,11.1438426971436,17.2825622558594,162.341201782227,202914.390625,1363.02648925781,0.84916478395462,22471,"46"
"SD",2018,1725.83703613281,1.02918195724487,15752.2158203125,10895.3720703125,11.5993938446045,17.9271259307861,170.356307983398,212031.25,1469.38000488281,0.875360727310181,21605,"46"
"SD",2019,1894.72497558594,1.07421863079071,16466.841796875,11344.5068359375,12.1198091506958,18.852071762085,180.080108642578,222666.640625,1624.15014648438,0.914846420288086,21229,"46"
"SD",2020,1861.44641113281,0.991803348064423,16642.4765625,11376.0673828125,11.8193788528442,18.5419845581055,190.946929931641,236038.640625,1600.35778808594,0.851240992546082,16631,"46"
"SD",2021,1956.46923828125,0.908468306064606,16737.6640625,11169.53515625,12.419093132019,19.8168125152588,218.718872070312,268455.1875,1708.19995117188,0.793348014354706,16660,"46"
"SD",2022,2344.01416015625,0.940111994743347,17750.130859375,11740.123046875,13.9845790863037,22.6979198455811,254.802764892578,311902.90625,2054.68017578125,0.814907789230347,15836,"46"
"SD",2023,2847.59350585938,NA,19181.208984375,12339.083984375,15.647891998291,26.6182861328125,NA,320912.59375,2473.3212890625,NA,15394,"46"
"SD",2024,3505.37353515625,NA,21715.021484375,13919.9306640625,17.1671390533447,29.7631950378418,NA,330109.625,2994.365234375,NA,16572,"46"
"TN",2014,1695.63427734375,1.5823392868042,13840.982421875,10245.9248046875,12.8363389968872,18.7649745941162,121.003593444824,159947.1875,1350.20263671875,1.14157700538635,184354,"47"
"TN",2015,1775.06164550781,1.57765829563141,13837.849609375,10219.7890625,13.4152851104736,19.7780094146729,127.382637023926,168045.4375,1406.48999023438,1.13483762741089,162819,"47"
"TN",2016,1787.08825683594,1.48333930969238,14105.8984375,10463.2158203125,13.3326654434204,19.5269412994385,137.435424804688,181416.640625,1432.9599609375,1.07117533683777,187249,"47"
"TN",2017,1770.8603515625,1.35099697113037,14465.9765625,10794.2822265625,12.9179563522339,18.805290222168,148.979690551758,197295.890625,1417.89501953125,0.982638716697693,188298,"47"
"TN",2018,1829.34338378906,1.31471228599548,14883.2255859375,11172.3984375,13.023627281189,18.9670467376709,158.535217285156,210332.796875,1460.79992675781,0.952634692192078,187110,"47"
"TN",2019,1734.77905273438,1.12820708751678,15382.8017578125,11611.72265625,12.0338649749756,17.33616065979,169.895736694336,224541.109375,1417.1611328125,0.867337644100189,188995,"47"
"TN",2020,1789.91796875,1.06974267959595,15618.7783203125,11791.634765625,12.1962518692017,17.4836235046387,183.184432983398,241350.875,1469.29711914062,0.83622670173645,183364,"47"
"TN",2021,1807.69738769531,0.909724950790405,16027.6953125,11798.1376953125,12.1116561889648,17.5508041381836,214.924835205078,280329.09375,1517.92041015625,0.738549411296844,172929,"47"
"TN",2022,2009.81066894531,0.852483153343201,16624.33984375,12151.0517578125,13.058274269104,19.3393936157227,259.340423583984,335019.46875,1686.28686523438,0.676164090633392,165999,"47"
"TN",2023,2173.60888671875,NA,17413.814453125,12734.671875,13.516185760498,20.0959510803223,NA,343443.40625,1804.07922363281,NA,168462,"47"
"TN",2024,2478.61157226562,NA,19363.109375,14275.9912109375,14.1315479278564,21.1427459716797,NA,354788.40625,2051.83129882812,NA,182352,"47"
"TX",2014,1964.4541015625,1.63435423374176,16894.576171875,10111.9462890625,11.8768148422241,21.1547756195068,128.124069213867,170941.15625,1499.42993164062,1.21109211444855,463262,"48"
"TX",2015,2044.91284179688,1.58090710639954,17217.33203125,10157.83984375,12.2281980514526,22.1030216217041,138.276290893555,185593.421875,1605.19165039062,1.20193982124329,506460,"48"
"TX",2016,1957.36364746094,1.39730286598206,17808.67578125,10513.05078125,11.2754459381104,20.4840774536133,149.402267456055,199200.1875,1486.34924316406,1.03544974327087,571649,"48"
"TX",2017,2089.05493164062,1.40274012088776,18696.23828125,10986.2373046875,11.4552478790283,20.9575080871582,158.042785644531,213297.734375,1581.46997070312,1.03397679328918,582053,"48"
"TX",2018,2152.212890625,1.36816644668579,19481.5546875,11483.5869140625,11.3674554824829,20.8323154449463,165.743499755859,224633.03125,1633.71264648438,1.01601147651672,601682,"48"
"TX",2019,2189.32348632812,1.35353899002075,20294.357421875,11893.123046875,11.1269960403442,20.5392017364502,170.431121826172,231045.890625,1676.04907226562,1.01546430587769,607037,"48"
"TX",2020,2092.61840820312,1.23448014259338,20509.5,12077.24609375,10.6453151702881,19.5749053955078,178.883682250977,244010.046875,1618.25634765625,0.930419564247131,547540,"48"
"TX",2021,2036.02844238281,1.0668329000473,20404.375,11780.3154296875,10.3695259094238,19.3910675048828,203.258666992188,277888.9375,1593.642578125,0.811274111270905,509841,"48"
"TX",2022,2361.986328125,1.07381546497345,21224.59375,12067.837890625,11.4706573486328,22.0474052429199,235.865234375,327036.9375,1867.4951171875,0.822423875331879,505313,"48"
"TX",2023,2813.67919921875,NA,22935.1796875,12716.04296875,12.408224105835,24.6356372833252,NA,330377.09375,2169.8095703125,NA,523838,"48"
"TX",2024,2924.62573242188,NA,24892.1875,14435.884765625,12.0288963317871,23.2833442687988,NA,329087.78125,2206.90942382812,NA,487649,"48"
"UT",2014,1114.33837890625,0.754958033561707,16135.01171875,12656.6240234375,7.06308555603027,9.50064373016357,150.722106933594,243440.09375,768.0400390625,0.519852697849274,80577,"49"
"UT",2015,1179.66857910156,0.756805121898651,16306.5791015625,12750.5732421875,7.34460592269897,10.0045948028564,159.371978759766,258455.984375,810.149963378906,0.51780366897583,84809,"49"
"UT",2016,1146.35717773438,0.682072758674622,16629.6328125,13078.6201171875,7.02479124069214,9.55547332763672,172.450378417969,281802.96875,815.730224609375,0.48458057641983,99131,"49"
"UT",2017,1133.18627929688,0.627482414245605,17022.51953125,13494.298828125,6.81807613372803,9.22484111785889,185.257034301758,305609.03125,812,0.44670644402504,102265,"49"
"UT",2018,1174.6171875,0.600524842739105,17995.125,14387.2275390625,6.74638938903809,9.02220630645752,200.273254394531,334249.1875,868.797119140625,0.442324101924896,106850,"49"
"UT",2019,1295.56591796875,0.602774620056152,18855.57421875,15020.892578125,7.11819219589233,9.56816101074219,220.052856445312,359949.40625,978.22119140625,0.452968060970306,108171,"49"
"UT",2020,1245.24792480469,0.527744174003601,19148.875,15239.26953125,6.73905420303345,9.08861541748047,241.441879272461,392440.90625,944.410522460938,0.398146331310272,93686,"49"
"UT",2021,1193.90979003906,0.419583946466446,18800.71484375,14963.3837890625,6.69023370742798,8.86796474456787,291.451293945312,479865.25,920.700317382812,0.321742117404938,86256,"49"
"UT",2022,1446.13317871094,0.445397049188614,20222.23828125,15717.5888671875,7.50506639480591,10.3458652496338,332.505767822266,562225.5625,1150.88427734375,0.352444767951965,82956,"49"
"UT",2023,1866.37524414062,NA,21754.859375,16453.8515625,9.01564884185791,12.8694581985474,NA,541503.875,1530.55944824219,NA,84948,"49"
"UT",2024,1832.76989746094,NA,23860.9140625,18467.2421875,8.34248447418213,11.7299528121948,NA,550363.0625,1451.17919921875,NA,107125,"49"
"VA",2014,1578.75451660156,0.988256871700287,20315.013671875,15544.30078125,8.47805500030518,11.8686695098877,186.245559692383,302765.59375,1174.5712890625,0.694381773471832,323626,"51"
"VA",2015,1594.66870117188,0.972534477710724,20450.052734375,15578.1611328125,8.48795318603516,11.9882326126099,188.172378540039,308122.28125,1198.21997070312,0.69726437330246,330942,"51"
"VA",2016,1554.88891601562,0.909888625144958,21076.716796875,15912.169921875,8.12154483795166,11.5203437805176,196.637603759766,322911.21875,1183.18994140625,0.655617535114288,455797,"51"
"VA",2017,1585.142578125,0.904502093791962,21095.833984375,16027.59375,8.20681667327881,11.605616569519,200.99951171875,330464.09375,1185.2998046875,0.647207617759705,375940,"51"
"VA",2018,1636.06640625,0.889923632144928,21349.103515625,16370.1533203125,8.3424129486084,11.7046432495117,210.355880737305,344302.0625,1250.06079101562,0.648430466651917,383440,"51"
"VA",2019,1705.72961425781,0.906050264835358,21775.3828125,16555.39453125,8.58723545074463,12.1121969223022,214.83625793457,348812.65625,1332.53967285156,0.674661159515381,352747,"51"
"VA",2020,1675.4619140625,0.844570577144623,21645.126953125,16382.4453125,8.55414772033691,12.1320600509644,226.810913085938,365101.96875,1323.400390625,0.634462356567383,336341,"51"
"VA",2021,1654.46496582031,0.726889848709106,22044.662109375,16087.076171875,8.59161472320557,12.197826385498,259.863708496094,411857.875,1357.29052734375,0.566879868507385,319285,"51"
"VA",2022,1926.77294921875,0.745960593223572,22939.455078125,16373.5302734375,9.40250110626221,13.8996992111206,287.083190917969,449820.25,1568.71875,0.589373171329498,297113,"51"
"VA",2023,2269.36181640625,NA,24094.107421875,16863.890625,10.4953546524048,15.903715133667,NA,459170.53125,1856.87805175781,NA,303159,"51"
"VA",2024,2486.96484375,NA,25679.8125,17874.6953125,10.9663562774658,16.8032188415527,NA,484662.46875,2040.28002929688,NA,309159,"51"
"VT",2014,1698.1474609375,0.952466368675232,18426.953125,12253.1962890625,9.47609329223633,15.2200384140015,185.359008789062,266501.9375,1221.07983398438,0.672044038772583,5564,"50"
"VT",2015,1761.26599121094,1.01876211166382,18800.3671875,12299.5322265625,9.7186918258667,15.9847555160522,180.298629760742,268775.09375,1251.90979003906,0.69891357421875,5662,"50"
"VT",2016,1500.41259765625,0.892655551433563,19086.51171875,12299.3759765625,8.15993690490723,13.7191381454468,175.407592773438,262610.40625,1111.89001464844,0.641576528549194,7080,"50"
"VT",2017,1479.80078125,0.849165141582489,19299.17578125,12349.654296875,8.02553939819336,13.550163269043,179.775253295898,271525.34375,1095.6787109375,0.61940199136734,6155,"50"
"VT",2018,1593.35522460938,0.873342752456665,19462.58203125,12458.9912109375,8.42897605895996,14.3743124008179,188.035186767578,279968.625,1202.4755859375,0.655219435691833,7476,"50"
"VT",2019,1715.69946289062,0.899481296539307,19913.73828125,12721.1513671875,8.91562747955322,15.1528806686401,198.694625854492,286106.65625,1331.93041992188,0.6862912774086,7893,"50"
"VT",2020,1779.86999511719,0.876180291175842,20107.052734375,12774.66015625,9.11679458618164,15.7979154586792,211.59342956543,301132.71875,1345.77001953125,0.653174042701721,5160,"50"
"VT",2021,1710.02136230469,0.705602884292603,20422.384765625,12828.4609375,8.72283267974854,14.7799835205078,249.663803100586,348683.78125,1308.60009765625,0.536850869655609,6619,"50"
"VT",2022,1646.97546386719,0.581802189350128,20898.765625,13233.0419921875,8.3636589050293,14.3482103347778,292.959594726562,392300.65625,1296.09912109375,0.454274863004684,6207,"50"
"VT",2023,1956.78479003906,NA,22311.63671875,14270.814453125,9.25784587860107,15.8519325256348,NA,415344.5625,1588.85192871094,NA,6791,"50"
"VT",2024,3593.17919921875,NA,23334.029296875,14987.845703125,16.1954040527344,27.7576885223389,NA,426412.53125,3232.91943359375,NA,8361,"50"
"WA",2014,1283.55017089844,0.779169142246246,19341.341796875,14300.9052734375,6.93883800506592,10.0573387145996,167.71272277832,287309.0625,937.440063476562,0.568412482738495,219350,"53"
"WA",2015,1410.76452636719,0.796282231807709,19804.74609375,14587.888671875,7.46388530731201,10.9312028884888,180.550796508789,313529.96875,1041,0.586775481700897,182751,"53"
"WA",2016,1381.35144042969,0.71040940284729,20248.970703125,14869.41796875,7.20883274078369,10.5271196365356,198.080902099609,349975.71875,1033.35986328125,0.533534526824951,210595,"53"
"WA",2017,1367.49731445312,0.642587959766388,21102.248046875,15460.51953125,6.9262866973877,10.1334447860718,217.875183105469,393075.90625,1034.740234375,0.482561618089676,214555,"53"
"WA",2018,1629.42077636719,0.698647916316986,22371.94140625,16135.70703125,7.86910963058472,11.6164999008179,237.670959472656,435118.3125,1302.52001953125,0.557924926280975,223917,"53"
"WA",2019,1426.62060546875,0.587307870388031,23222.109375,17098.978515625,6.75136613845825,9.72887420654297,247.203369140625,449422.15625,1085.41064453125,0.444012105464935,207075,"53"
"WA",2020,1580.13037109375,0.58775806427002,24367.9765625,17494.056640625,7.17254114151001,10.5935773849487,271.459320068359,493247.53125,1240.2587890625,0.462662816047668,188685,"53"
"WA",2021,1499.91357421875,0.478620558977127,24417.38671875,17345.759765625,6.86110877990723,10.1811170578003,318.495300292969,580539.5625,1223.2099609375,0.386965870857239,176539,"53"
"WA",2022,1722.59326171875,0.475501239299774,25859.908203125,18112.6484375,7.44317960739136,11.2756767272949,368.730224609375,665667.5,1412.63989257812,0.388472735881805,167159,"53"
"WA",2023,2030.09399414062,NA,27411.1953125,18807.103515625,8.27073001861572,12.7347030639648,NA,641899.875,1622.21057128906,NA,183016,"53"
"WA",2024,2129.65625,NA,29459.685546875,20570.072265625,8.2259635925293,12.6071529388428,NA,664552.6875,1727.22924804688,NA,214047,"53"
"WI",2014,1391.62170410156,1.17461287975311,15422.5224609375,9931.640625,9.29810047149658,15.5833196640015,125.197608947754,177070.625,973.079956054688,0.789683163166046,62879,"55"
"WI",2015,1218.2802734375,0.973796188831329,15249.0693359375,9900.0888671875,8.27669334411621,13.8148632049561,129.937362670898,182778.75,889.660034179688,0.706124663352966,72224,"55"
"WI",2016,1259.28332519531,0.948743283748627,15428.9521484375,10076.15234375,8.52216053009033,14.0600957870483,138.199066162109,193622.4375,973.328002929688,0.72438907623291,87063,"55"
"WI",2017,1277.91040039062,0.909430086612701,15529.541015625,10172.2314453125,8.60873031616211,14.1008310317993,146.833877563477,204423.890625,972.01513671875,0.682881414890289,91694,"55"
"WI",2018,1326.791015625,0.883467435836792,15825.8232421875,10454.6923828125,8.83948612213135,14.3529624938965,157.039093017578,215418.21875,1009.51953125,0.658670485019684,94073,"55"
"WI",2019,1318.9521484375,0.820231080055237,16250.5927734375,10792.5927734375,8.57123279571533,13.9035472869873,166.675857543945,228094.96875,1036.1494140625,0.633047640323639,93444,"55"
"WI",2020,1364.10522460938,0.792028665542603,16481.294921875,10902.759765625,8.76489639282227,14.2758331298828,179.071563720703,242979.84375,1089.06018066406,0.620320320129395,90956,"55"
"WI",2021,1385.49304199219,0.70097029209137,16608.26171875,10838.7255859375,8.87565326690674,14.57253074646,204.529281616211,272507.59375,1137.08996582031,0.564900040626526,82648,"55"
"WI",2022,1462.23107910156,0.683667659759521,16952.291015625,11140.34375,9.18532276153564,15.0927886962891,221.15348815918,295278.71875,1193.919921875,0.551551282405853,84847,"55"
"WI",2023,1720.87829589844,NA,17857.349609375,11636.5693359375,10.2243785858154,17.2004890441895,NA,315406.46875,1396.2900390625,NA,83562,"55"
"WI",2024,1913.49401855469,NA,19667.193359375,13180.4501953125,10.5038862228394,17.3791275024414,NA,335286.4375,1562.67407226562,NA,98558,"55"
"WV",2014,1209.91638183594,1.28762102127075,12532.7607421875,9761.962890625,10.5548467636108,14.6135902404785,104.567535400391,130578.7265625,983.009643554688,1.00802564620972,24532,"54"
"WV",2015,1249.43737792969,1.30052506923676,12435.0517578125,9644.1591796875,11.0111808776855,15.3740167617798,106.640159606934,133238,1030.80822753906,1.02590548992157,21477,"54"
"WV",2016,1265.03454589844,1.30572986602783,12556.626953125,9712.943359375,11.0980739593506,15.5127716064453,107.969879150391,134199.359375,1050.14013671875,1.0399272441864,25675,"54"
"WV",2017,1263.75280761719,1.29336142539978,12515.2490234375,9685.42578125,11.119930267334,15.4991521835327,109.858009338379,136598.375,1059.2001953125,1.03835773468018,27175,"54"
"WV",2018,1312.40258789062,1.33423435688019,12589.80078125,9733.76953125,11.4386987686157,15.9737453460693,111.017044067383,140001.890625,1101.38000488281,1.0726865530014,29599,"54"
"WV",2019,1352.20727539062,1.32492733001709,12860.595703125,9905.408203125,11.4613819122314,16.0663547515869,114.309967041016,143009.4375,1124.19995117188,1.05345070362091,28654,"54"
"WV",2020,1322.56689453125,1.2547345161438,12810.96875,9897.3037109375,11.2550630569458,15.7170467376709,118.764556884766,148350.796875,1099.96240234375,0.995146989822388,27394,"54"
"WV",2021,1349.72961425781,1.07697641849518,13171.41796875,10102.515625,11.1337575912476,15.5566263198853,142.403457641602,175132.828125,1119.28967285156,0.847957193851471,24319,"54"
"WV",2022,1469.43933105469,1.07029688358307,13465.61328125,10201.8212890625,11.7819309234619,16.7337970733643,155.375915527344,190914.328125,1207.00329589844,0.841035962104797,23790,"54"
"WV",2023,1647.23901367188,NA,14158.2373046875,10683.845703125,12.5346279144287,17.9697151184082,NA,195857.484375,1353.60021972656,NA,24804,"54"
"WV",2024,1704.58227539062,NA,15086.3857421875,11398.4052734375,12.4802961349487,18.0456295013428,NA,208670.328125,1397.44165039062,NA,26637,"54"
"WY",2014,1456.30407714844,0.891679048538208,15149.5322265625,11806.2177734375,10.0907201766968,13.7395362854004,173.817749023438,223639.671875,1188.63427734375,0.733273565769196,14300,"56"
"WY",2015,1542.66345214844,0.885112881660461,15440.7177734375,11958.455078125,10.4855833053589,14.4436120986938,187.762557983398,239652.046875,1263.044921875,0.726062655448914,16360,"56"
"WY",2016,1545.51257324219,0.856302917003632,15532.8583984375,12030.8935546875,10.4773225784302,14.4444437026978,193.182495117188,245796.6875,1289.93078613281,0.716883480548859,20113,"56"
"WY",2017,1568.60986328125,0.867752134799957,15651.8544921875,12114.6630859375,10.5572824478149,14.5978889465332,195.042068481445,248712.8125,1306.11926269531,0.722011268138885,18305,"56"
"WY",2018,1571.36694335938,0.847678124904633,16010.3447265625,12471.4794921875,10.443886756897,14.3651542663574,201.319000244141,254588.625,1341.23999023438,0.720182180404663,19265,"56"
"WY",2019,1636.57543945312,0.83944571018219,16571.28515625,12877.0087890625,10.505446434021,14.4744415283203,211.77946472168,265969.78125,1394.4306640625,0.714260637760162,20279,"56"
"WY",2020,1649.01953125,0.779680848121643,16722.24609375,13045.701171875,10.5087080001831,14.4333047866821,232.482162475586,289408.78125,1421.099609375,0.669546723365784,16052,"56"
"WY",2021,1719.93481445312,0.738728940486908,16772.84375,12770.8564453125,10.9879713058472,15.2934303283691,260.428100585938,322280.46875,1500.04992675781,0.64702320098877,19717,"56"
"WY",2022,1985.65454101562,0.771763682365417,17394.75,13003.861328125,12.0733661651611,17.281156539917,286.190093994141,350218.25,1707.91528320312,0.667847514152527,16912,"56"
"WY",2023,2565.75537109375,NA,18836.384765625,13549.119140625,14.1223573684692,21.3522357940674,NA,362851.84375,2128.00903320312,NA,17157,"56"
"WY",2024,2951.64990234375,NA,21032.25,15069.4990234375,14.8810815811157,23.0309219360352,NA,370038.625,2445.69946289062,NA,18621,"56"
