"state","year","mean_premium","mean_ratio","annual_total_payment","annual_pi","prem_over_payment","prem_over_pi","median_premium","median_ratio","n_obs","STATEFP"
"AK",2014,1597.80810546875,7.96420335769653,26027.76171875,15330.6455078125,0.0771648809313774,0.112749896943569,1257.50988769531,6.23985958099365,30688,"02"
"AK",2015,1732.54675292969,8.27706050872803,24806.828125,15513.78125,0.0819574669003487,0.121440328657627,1332.8896484375,6.34999132156372,22018,"02"
"AK",2016,1743.74609375,8.23355388641357,24362.92578125,15743.26953125,0.0808133408427238,0.119592726230621,1344.80236816406,6.31792497634888,25917,"02"
"AK",2017,1785.47900390625,8.36652755737305,23862.697265625,15703.1064453125,0.0824805498123169,0.124141559004784,1366.12573242188,6.39092350006104,27916,"02"
"AK",2018,1755.76440429688,8.27324867248535,23756.955078125,16220.1708984375,0.0795914605259895,0.11817954480648,1348.6513671875,6.282301902771,27489,"02"
"AK",2019,1838.79736328125,8.21723747253418,23824.701171875,16321.1552734375,0.0831877738237381,0.122955068945885,1395.84985351562,6.14273118972778,22849,"02"
"AK",2020,1929.32299804688,8.08805370330811,23915.837890625,16545.205078125,0.085894800722599,0.126329407095909,1536.06994628906,6.43083572387695,21201,"02"
"AK",2021,1688.91076660156,6.85601615905762,22861.091796875,15986.8359375,0.0768091008067131,0.114904619753361,1337.32043457031,5.38959836959839,21866,"02"
"AK",2022,1891.30029296875,7.02689838409424,23280.19140625,16241.2392578125,0.0845789164304733,0.127749070525169,1526.47473144531,5.61393022537231,19112,"02"
"AK",2023,1974.67626953125,6.96214532852173,23641.3359375,16618.013671875,0.0867090374231339,0.130606174468994,1574.25,5.44231605529785,19849,"02"
"AK",2024,2240.42456054688,7.73424339294434,25348.18359375,17798.1171875,0.0931871384382248,0.141734063625336,1817.91027832031,6.21314096450806,19234,"02"
"AL",2014,1741.60705566406,17.6008796691895,67419.7109375,10028.1474609375,0.13712203502655,0.201206222176552,1433.30004882812,13.837610244751,98817,"01"
"AL",2015,1792.71643066406,17.7794895172119,69492.4453125,9916.25,0.141033813357353,0.208348050713539,1480.73608398438,14.0238590240479,108752,"01"
"AL",2016,1769.484375,16.7140312194824,64274.89453125,10022.65625,0.13938070833683,0.203829705715179,1487.26989746094,13.411358833313,129438,"01"
"AL",2017,1722.58642578125,15.8467388153076,73728.765625,10100.4677734375,0.135695442557335,0.198350071907043,1459.89001464844,12.7798089981079,125430,"01"
"AL",2018,1738.18237304688,15.4257688522339,84828.15625,10241.8955078125,0.13582506775856,0.198788419365883,1488.01000976562,12.5771436691284,122907,"01"
"AL",2019,1817.49340820312,15.170033454895,86249.8046875,10494.02734375,0.137915372848511,0.202656999230385,1561.12963867188,12.4027547836304,126559,"01"
"AL",2020,1888.36108398438,14.5668659210205,97336.359375,10748.3857421875,0.138944149017334,0.205292239785194,1630.42077636719,11.931866645813,120069,"01"
"AL",2021,1942.19653320312,13.1502914428711,20365.33203125,10541.373046875,0.148685812950134,0.213588804006577,1693.2900390625,10.862645149231,110859,"01"
"AL",2022,2150.30053710938,12.7857065200806,14516.4599609375,10829.6923828125,0.159995183348656,0.231870263814926,1864.8798828125,10.5504188537598,108618,"01"
"AL",2023,2456.59155273438,14.1417236328125,15332.201171875,11198.8271484375,0.171630010008812,0.255498737096786,2100.64526367188,11.5524921417236,109169,"01"
"AL",2024,2753.39306640625,15.5300035476685,17028.3984375,12403.078125,0.176331475377083,0.266401648521423,2343.98046875,12.6669578552246,119635,"01"
"AR",2014,1600.82958984375,16.4187488555908,64406.39453125,9079.6845703125,0.131213292479515,0.198682174086571,1334.01025390625,12.9457492828369,72909,"05"
"AR",2015,1695.42102050781,17.0038185119629,68955.921875,9053.033203125,0.137675151228905,0.210801467299461,1398.88000488281,13.346625328064,58231,"05"
"AR",2016,1743.23486328125,16.5173377990723,72737.765625,9163.6181640625,0.140374034643173,0.214347898960114,1455.59899902344,13.2663955688477,72761,"05"
"AR",2017,1793.76843261719,16.5438327789307,88766.84375,9287.0859375,0.141306951642036,0.218520700931549,1495.40002441406,13.296365737915,66749,"05"
"AR",2018,1785.4775390625,15.953784942627,87669.5546875,9448.2216796875,0.139085441827774,0.214582219719887,1502.09521484375,12.8877239227295,76154,"05"
"AR",2019,1864.05200195312,16.1032257080078,86691.140625,9727.923828125,0.141165226697922,0.217748120427132,1571.97790527344,13.0465936660767,75339,"05"
"AR",2020,1841.92797851562,15.1182899475098,97033.9296875,9788.958984375,0.13906429708004,0.214552700519562,1548.52514648438,12.2574100494385,65984,"05"
"AR",2021,1810.3828125,12.9550848007202,15575.2412109375,9842.220703125,0.141191139817238,0.208659738302231,1534.88635253906,10.5277681350708,72708,"05"
"AR",2022,2052.36840820312,13.140645980835,14155.1171875,10088.482421875,0.154817134141922,0.232695206999779,1736.79504394531,10.5892143249512,67990,"05"
"AR",2023,2343.00537109375,14.4908781051636,14906.361328125,10449.96484375,0.167265549302101,0.257693409919739,1976.96020507812,11.6443758010864,69898,"05"
"AR",2024,2778.40087890625,16.7388725280762,16475.54296875,11533.6279296875,0.183300584554672,0.28689032793045,2399.87963867188,13.6108112335205,70129,"05"
"AZ",2014,1142.22094726562,7.34261798858643,73574.171875,11357.4609375,0.0795507654547691,0.113763570785522,859.963928222656,5.48924255371094,222309,"04"
"AZ",2015,1236.0703125,7.63110160827637,61513.0234375,11377.3046875,0.0854459851980209,0.123295471072197,939.960083007812,5.74465656280518,214007,"04"
"AZ",2016,1247.078125,7.24515008926392,58517.0078125,11597.697265625,0.085320770740509,0.121924869716167,952.099975585938,5.46552896499634,253359,"04"
"AZ",2017,1229.60693359375,6.76387310028076,74866.71875,11991.12890625,0.0809018611907959,0.116844914853573,925.420166015625,5.03440284729004,245676,"04"
"AZ",2018,1234.55017089844,6.37163019180298,76216.6015625,12335.1484375,0.0798554122447968,0.114780470728874,947.160034179688,4.83674049377441,248645,"04"
"AZ",2019,1327.70788574219,6.49430322647095,83288.25,12765.6767578125,0.0827979445457458,0.119212806224823,1025.94067382812,4.96956825256348,230540,"04"
"AZ",2020,1318.77062988281,5.9372820854187,86447.359375,12828.001953125,0.0822497233748436,0.119541808962822,1028.44995117188,4.57234621047974,185754,"04"
"AZ",2021,1244.3515625,4.57311201095581,16715.98828125,12483.02734375,0.0831363052129745,0.115782111883163,1007.97021484375,3.65825390815735,204820,"04"
"AZ",2022,1422.31372070312,4.42906332015991,17046.529296875,13111.5068359375,0.0912036001682281,0.128057181835175,1131.82958984375,3.49147200584412,172943,"04"
"AZ",2023,1715.64379882812,5.63845682144165,17825.736328125,13581.9736328125,0.10418638586998,0.150032415986061,1319.859375,4.31475496292114,170361,"04"
"AZ",2024,2135.07250976562,6.81091260910034,20287.216796875,15512.1904296875,0.116648741066456,0.169785410165787,1704.619140625,5.40155601501465,210731,"04"
"CA",2014,1600.8525390625,7.65398931503296,54423.6953125,16209.2890625,0.0733705908060074,0.108560495078564,1061.2021484375,5.06091213226318,531929,"06"
"CA",2015,1601.6025390625,7.37660121917725,64380.24609375,16432.810546875,0.0725926160812378,0.108449622988701,1067.30004882812,4.88396501541138,596195,"06"
"CA",2016,1560.44323730469,6.81118059158325,67072.203125,16633.18359375,0.0700829178094864,0.104313179850578,1050.0400390625,4.56168079376221,719234,"06"
"CA",2017,1547.60339355469,6.30715084075928,80359.8515625,17130.125,0.0669765025377274,0.100403405725956,1024.98022460938,4.14419269561768,732229,"06"
"CA",2018,1582.78552246094,6.05064821243286,76110.515625,17718.578125,0.0667067840695381,0.0996682718396187,1077.62548828125,4.06423568725586,757552,"06"
"CA",2019,1643.2783203125,6.19084501266479,75696.9921875,18588.541015625,0.0661352947354317,0.0985652431845665,1132.37316894531,4.21756649017334,747471,"06"
"CA",2020,1791.73034667969,6.30312013626099,69923.9609375,18963.21484375,0.0695139169692993,0.108056277036667,1198.57507324219,4.14444828033447,775346,"06"
"CA",2021,1715.13220214844,5.11749458312988,27047.173828125,18496.150390625,0.0696797892451286,0.103643834590912,1225.5400390625,3.61581087112427,658125,"06"
"CA",2022,1982.45971679688,5.39600563049316,27054.541015625,18957.0859375,0.0770377144217491,0.116676740348339,1400.00048828125,3.76627564430237,645061,"06"
"CA",2023,2232.44799804688,6.54402685165405,28734.505859375,19502.3828125,0.0819040834903717,0.129007369279861,1516.5390625,4.36681985855103,713199,"06"
"CA",2024,2379.26025390625,6.6737003326416,30649.857421875,21103.73046875,0.083072766661644,0.127976089715958,1721.63940429688,4.71519947052002,797888,"06"
"CO",2014,1747.75927734375,9.35148048400879,77995.359375,13549.2890625,0.100740067660809,0.144088268280029,1427.08972167969,7.39452600479126,154838,"08"
"CO",2015,1822.64331054688,8.78778743743896,93030.3046875,13713.021484375,0.104026354849339,0.149793311953545,1508.080078125,6.98158979415894,170953,"08"
"CO",2016,1995.06018066406,8.76138305664062,89849.6875,14216.6064453125,0.1087461784482,0.157726481556892,1685.80004882812,7.13881349563599,205857,"08"
"CO",2017,1957.45007324219,8.04802894592285,113782.71875,14770.8525390625,0.102952875196934,0.149139821529388,1637.09985351562,6.44219207763672,209655,"08"
"CO",2018,2101.7783203125,8.29717350006104,150412.578125,15340.6630859375,0.105889022350311,0.157385304570198,1812.97998046875,6.86720609664917,200956,"08"
"CO",2019,2227.39990234375,8.44480037689209,160783.375,16170.078125,0.105454228818417,0.157505720853806,1914.84008789062,7.02713203430176,196763,"08"
"CO",2020,2377.88061523438,8.63194274902344,169471.296875,16037.7333984375,0.110754281282425,0.170544251799583,2078.56030273438,7.26296329498291,176362,"08"
"CO",2021,2405.91235351562,7.49395084381104,22927.974609375,16048.98046875,0.119477301836014,0.171984612941742,2094.85986328125,6.32340049743652,155651,"08"
"CO",2022,2838.82568359375,7.68151617050171,23040.712890625,16772.498046875,0.13257697224617,0.19637905061245,2477.5810546875,6.52394247055054,150050,"08"
"CO",2023,3324.53540039062,9.24400615692139,24261.08203125,17425.6875,0.146442398428917,0.222042039036751,2864.0791015625,7.67173528671265,149289,"08"
"CO",2024,4176.44384765625,11.3562631607056,27975.984375,19631.865234375,0.161327809095383,0.254698216915131,3594.0791015625,9.545973777771,180717,"08"
"CT",2014,1979.45239257812,13.0031843185425,67247.3125,14755.89453125,0.0827962607145309,0.148377537727356,1486.67993164062,9.64754009246826,94547,"09"
"CT",2015,2065.375,13.6606121063232,91351.0625,14635.4150390625,0.0864585041999817,0.158284157514572,1552.1201171875,10.144923210144,73633,"09"
"CT",2016,2006.11560058594,13.0147609710693,88797.1484375,14643.404296875,0.0839020311832428,0.153303697705269,1530.40502929688,9.79312419891357,82362,"09"
"CT",2017,2001.48852539062,12.5090284347534,91053.484375,14768.029296875,0.0829881727695465,0.152230024337769,1539.15991210938,9.45454025268555,90217,"09"
"CT",2018,2012.79309082031,12.1625547409058,97267.9296875,14982.185546875,0.0823599323630333,0.151124313473701,1571.27490234375,9.39989757537842,92998,"09"
"CT",2019,2033.69921875,12.1190824508667,95689.078125,15198.0283203125,0.082112692296505,0.150538936257362,1604.919921875,9.46932792663574,89967,"09"
"CT",2020,2095.40405273438,11.8551759719849,94089.7109375,15403.7421875,0.0829686746001244,0.153395459055901,1638.8857421875,9.17584133148193,85992,"09"
"CT",2021,1987.90588378906,9.6588134765625,25111.263671875,14886.6826171875,0.0836489349603653,0.149297893047333,1617.9609375,7.74146842956543,81545,"09"
"CT",2022,2216.06787109375,9.5222339630127,25271.490234375,15110.865234375,0.0913140177726746,0.166075229644775,1819.80883789062,7.70632410049438,84226,"09"
"CT",2023,2502.96020507812,9.97044467926025,26890.240234375,15894.4228515625,0.096807986497879,0.178868338465691,2023.07958984375,7.87726831436157,89871,"09"
"CT",2024,2826.25512695312,10.2888660430908,28560.421875,17086.771484375,0.103923343122005,0.192917436361313,2356.08032226562,8.37154483795166,96820,"09"
"DC",2014,1849.88037109375,7.0618724822998,228035.1875,22408.3515625,0.0639514252543449,0.0985114201903343,1339.19995117188,5.04846382141113,16014,"11"
"DC",2015,2013.16857910156,6.94674348831177,332765.28125,22218.052734375,0.0671483501791954,0.109192617237568,1485.02001953125,5.09565114974976,13159,"11"
"DC",2016,2047.52282714844,6.57577896118164,358543.65625,22618.259765625,0.0662085339426994,0.108452960848808,1561.830078125,4.94526815414429,14588,"11"
"DC",2017,2099.12182617188,6.86046648025513,399565.1875,23194.875,0.0647501423954964,0.107811369001865,1617.41040039062,5.2776346206665,14912,"11"
"DC",2018,2081.01684570312,6.60747194290161,430329.1875,23933.576171875,0.0613122954964638,0.103465095162392,1610.64001464844,5.10829067230225,15739,"11"
"DC",2019,1957.59362792969,5.96413421630859,507657.46875,24878.375,0.0544675663113594,0.094754733145237,1468.43933105469,4.46345710754395,13772,"11"
"DC",2020,1944.50183105469,5.98441696166992,533298.6875,25135.552734375,0.0525628924369812,0.094140462577343,1397.57995605469,4.27274084091187,13429,"11"
"DC",2021,2011.33959960938,5.5584864616394,43642.25390625,25394.59765625,0.0645383894443512,0.0937758013606071,1588.00964355469,4.35880184173584,14604,"11"
"DC",2022,2175.74536132812,5.90454721450806,35181.43359375,25321.607421875,0.0697865411639214,0.103249870240688,1688.1396484375,4.59363985061646,12191,"11"
"DC",2023,2632.5302734375,7.29140520095825,36856.01953125,25644.943359375,0.0803021863102913,0.123368248343468,2023.6015625,5.61510753631592,12750,"11"
"DC",2024,2775.8671875,7.82665205001831,38241.015625,26477.65625,0.0803382247686386,0.123122379183769,2157.9423828125,6.11515808105469,12652,"11"
"DE",2014,1383.66748046875,8.50818252563477,92988.0546875,13236.3310546875,0.0814642757177353,0.115078523755074,1010.17993164062,6.12611436843872,44399,"10"
"DE",2015,1458.64050292969,8.57383441925049,92567.703125,13123.8046875,0.0859403163194656,0.123143337666988,1052.03100585938,6.07155466079712,33135,"10"
"DE",2016,1555.75256347656,8.70586109161377,84509.8203125,13097.32421875,0.091042622923851,0.130142614245415,1171.94506835938,6.4826226234436,38506,"10"
"DE",2017,1544.87060546875,8.29574680328369,96176.1796875,13220.2353515625,0.0893393605947495,0.128739818930626,1172.42456054688,6.22242784500122,38502,"10"
"DE",2018,1573.09289550781,8.15466594696045,103374.46875,13407.349609375,0.0890606492757797,0.129336908459663,1178.14660644531,6.05607891082764,36308,"10"
"DE",2019,1597.97021484375,8.12057971954346,105868.125,13672.3916015625,0.0883757695555687,0.12887679040432,1205.4296875,6.01361894607544,33969,"10"
"DE",2020,1570.36096191406,7.65226650238037,141428.265625,13431.0361328125,0.0871031880378723,0.130988821387291,1166.205078125,5.58491897583008,21596,"10"
"DE",2021,1468.82080078125,6.23274660110474,18152.103515625,13419.404296875,0.0883253738284111,0.122203499078751,1181.95031738281,4.96228456497192,37552,"10"
"DE",2022,1642.01086425781,6.21729421615601,17931.259765625,13653.173828125,0.0967147648334503,0.135346859693527,1315.01000976562,4.90992879867554,30437,"10"
"DE",2023,1788.12487792969,6.42673683166504,18606.138671875,14190.7412109375,0.101595163345337,0.143782719969749,1414.5185546875,5.00234603881836,31393,"10"
"DE",2024,2019.90258789062,6.98872804641724,20245.70703125,15361.232421875,0.108234867453575,0.154876425862312,1660.38989257812,5.68235492706299,34359,"10"
"FL",2014,2603.40014648438,20.7666969299316,218661.859375,11277.1240234375,0.140914931893349,0.261364459991455,2034.60034179688,15.9964838027954,443464,"12"
"FL",2015,2524.11499023438,18.6912517547607,188999.828125,11243.8583984375,0.141379415988922,0.255383998155594,1975.88818359375,14.326171875,469335,"12"
"FL",2016,2347.419921875,16.0814247131348,163612.390625,11400.185546875,0.134271055459976,0.235256046056747,1831.90991210938,12.3322687149048,553259,"12"
"FL",2017,2308.16235351562,14.6836452484131,171151.265625,11741.46484375,0.128749042749405,0.22474779188633,1791.93041992188,11.2037782669067,551511,"12"
"FL",2018,2414.90014648438,14.4384202957153,184503.03125,12135.599609375,0.130292624235153,0.228655144572258,1878.61145019531,11.0601320266724,589753,"12"
"FL",2019,2561.31469726562,14.7813997268677,189875.28125,12658.203125,0.130586996674538,0.230745196342468,1979.10034179688,11.2367095947266,578299,"12"
"FL",2020,2648.93115234375,14.4697427749634,199641.984375,12819.796875,0.131744027137756,0.237010911107063,2035.23999023438,10.9698438644409,551686,"12"
"FL",2021,2839.66235351562,13.3663816452026,79284.28125,12802.501953125,0.144207432866096,0.252114564180374,2250.49072265625,10.3762722015381,531087,"12"
"FL",2022,3470.01123046875,13.3819999694824,20941.7890625,13294.9755859375,0.173005700111389,0.297964602708817,2777.59033203125,10.4862689971924,510167,"12"
"FL",2023,4166.029296875,15.7411794662476,22658.779296875,13917.015625,0.191062435507774,0.342236459255219,3337.62060546875,12.3381690979004,508476,"12"
"FL",2024,4528.5517578125,16.5618419647217,25402.169921875,15739.01953125,0.189064621925354,0.340542823076248,3682.46923828125,13.2058525085449,557476,"12"
"GA",2014,1783.0400390625,15.0309772491455,216240.15625,10950.986328125,0.107520088553429,0.180707767605782,1348.48999023438,10.9789218902588,298207,"13"
"GA",2015,1900.16760253906,15.124457359314,218206.015625,10878.212890625,0.115116611123085,0.196570873260498,1481.70617675781,11.3263883590698,314957,"13"
"GA",2016,1925.19177246094,14.3293333053589,206963.875,11111.24609375,0.115089744329453,0.19488425552845,1498.41015625,10.7030735015869,372638,"13"
"GA",2017,1896.57470703125,13.3608474731445,222744.46875,11257.623046875,0.112304329872131,0.191422373056412,1499.33996582031,10.1556625366211,363057,"13"
"GA",2018,1998.43737792969,13.1649312973022,240029.421875,11583.43359375,0.113710880279541,0.195967823266983,1588.96032714844,10.0940313339233,365587,"13"
"GA",2019,2144.73608398438,13.1351823806763,249968.15625,11934.7509765625,0.116339802742004,0.203557908535004,1691.50952148438,10.1090698242188,366443,"13"
"GA",2020,2028.03405761719,11.9031105041504,274221.40625,12017.017578125,0.110561937093735,0.194671437144279,1652.37341308594,9.27594184875488,337405,"13"
"GA",2021,2045.63427734375,10.1752805709839,36285.9453125,12014.9345703125,0.124793849885464,0.195661813020706,1695.86071777344,8.03742027282715,344431,"13"
"GA",2022,2273.23388671875,9.46418857574463,18039.595703125,12290.7919921875,0.136248841881752,0.213839992880821,1894.27026367188,7.55746269226074,325019,"13"
"GA",2023,2748.25659179688,10.9027891159058,19335.455078125,12801.2802734375,0.152605265378952,0.249515950679779,2302.29052734375,8.83415126800537,304396,"13"
"GA",2024,2832.60424804688,10.7600364685059,21094.341796875,14247.779296875,0.146005004644394,0.235917210578918,2331.84423828125,8.57362937927246,318160,"13"
"HI",2014,2140.17822265625,8.00624942779541,27931.689453125,23215.34375,0.081606850028038,0.104843243956566,1702.13940429688,6.35400867462158,20964,"15"
"HI",2015,2257.3916015625,8.22870540618896,116455.8125,23476.658203125,0.0807418972253799,0.109422199428082,1764.78466796875,6.42499780654907,15474,"15"
"HI",2016,2159.38842773438,8.17263126373291,66465.2578125,23220.521484375,0.0795755162835121,0.105799771845341,1664.17004394531,6.24764728546143,19920,"15"
"HI",2017,2318.9423828125,8.42952060699463,65099.04296875,23779.044921875,0.0829290598630905,0.110860109329224,1787.06494140625,6.35388851165771,18698,"15"
"HI",2018,2279.1611328125,8.47959899902344,63846.67578125,24106.96484375,0.0819041952490807,0.108961254358292,1803.3095703125,6.57639980316162,18211,"15"
"HI",2019,2387.90502929688,9.17725086212158,64996.87890625,24648.26171875,0.0827470496296883,0.110904678702354,1866.77978515625,6.86926603317261,16889,"15"
"HI",2020,2460.7294921875,9.26657295227051,61765.9609375,23530.763671875,0.0878981649875641,0.12213621288538,1851.78662109375,6.64904689788818,14116,"15"
"HI",2021,2299.36108398438,7.46629238128662,30887.916015625,25091.10546875,0.081596814095974,0.107096560299397,1860.90002441406,5.82872200012207,14680,"15"
"HI",2022,2606.87744140625,6.89358854293823,31741.494140625,25321.47265625,0.0890612006187439,0.118808299303055,2154,5.51394748687744,17739,"15"
"HI",2023,3072.37915039062,8.85702419281006,33311.15234375,25367.26953125,0.100477501749992,0.14007256925106,2474.24145507812,6.69174242019653,16897,"15"
"HI",2024,3351.38110351562,9.47220706939697,35988.38671875,26772.265625,0.104395732283592,0.146377012133598,2729.21948242188,7.33495426177979,20143,"15"
"IA",2014,1384.8837890625,12.9774808883667,42975.68359375,8843.603515625,0.107121326029301,0.176958724856377,1124.47998046875,10.3720417022705,84037,"19"
"IA",2015,1386.75756835938,12.6259546279907,96173.796875,8920.171875,0.1034220084548,0.178200170397758,1129.53540039062,10.0962886810303,66246,"19"
"IA",2016,1425.92321777344,12.3923330307007,95178.3828125,9010.16796875,0.104870043694973,0.181484565138817,1166.73999023438,9.90439414978027,72462,"19"
"IA",2017,1445.65014648438,12.0110378265381,133213.234375,9286.4052734375,0.102180503308773,0.179917484521866,1187.84997558594,9.60079383850098,76289,"19"
"IA",2018,1447.90173339844,11.5970363616943,128501.515625,9502.673828125,0.10104263573885,0.177635788917542,1206.31994628906,9.38782596588135,77803,"19"
"IA",2019,1542.91845703125,11.7676086425781,234764.078125,9902.1328125,0.0960349962115288,0.180662572383881,1274.96008300781,9.44574546813965,76656,"19"
"IA",2020,1512.92639160156,11.2040901184082,187113.515625,9622.5576171875,0.101248785853386,0.185211569070816,1279.56005859375,9.1110897064209,49992,"19"
"IA",2021,1559.94543457031,10.2838163375854,18274.578125,9796.8818359375,0.10955722630024,0.185235530138016,1353.07958984375,8.59191417694092,77761,"19"
"IA",2022,1780.53332519531,10.6899394989014,15949.45703125,10023.8251953125,0.121448196470737,0.208410084247589,1542.77587890625,8.90928649902344,64611,"19"
"IA",2023,2156.578125,12.4743041992188,17152.6171875,10647.498046875,0.135525241494179,0.238163262605667,1843.12329101562,10.3900327682495,63636,"19"
"IA",2024,2601.2216796875,14.4334306716919,18688.33203125,11580.76953125,0.15012301504612,0.269046127796173,2225.67529296875,12.0288057327271,70542,"19"
"ID",2014,1143.81005859375,8.28291320800781,108542.828125,10520.376953125,0.0809941291809082,0.119014821946621,823.934204101562,5.89986133575439,38727,"16"
"ID",2015,1116.21313476562,7.83841133117676,84941.078125,10569.8779296875,0.0801081210374832,0.117109946906567,807.004760742188,5.61120414733887,41476,"16"
"ID",2016,1104.92663574219,7.27693462371826,75183.765625,10741.583984375,0.0791474580764771,0.114782072603703,811.02001953125,5.27095890045166,47693,"16"
"ID",2017,1123.46423339844,6.83142185211182,130151.71875,10958.7548828125,0.0758400931954384,0.114513620734215,823.019958496094,4.96235084533691,48256,"16"
"ID",2018,1139.54357910156,6.30930519104004,100223.8984375,11432.3896484375,0.0766230151057243,0.112299233675003,850.239990234375,4.62854099273682,46605,"16"
"ID",2019,1281.08544921875,6.35536479949951,100218.234375,11929.8095703125,0.0821218863129616,0.12094584852457,994.799682617188,4.8742036819458,47487,"16"
"ID",2020,1384.24011230469,6.10437917709351,101511.8359375,12104.6484375,0.0872447043657303,0.130052015185356,1099.53588867188,4.78629541397095,44630,"16"
"ID",2021,1260.99694824219,4.24521684646606,16966.7890625,12244.9755859375,0.0839041024446487,0.117250218987465,977.0595703125,3.20252895355225,38113,"16"
"ID",2022,1538.46142578125,4.52724695205688,17095.6015625,12889.12890625,0.0965445339679718,0.138775020837784,1229.75512695312,3.55121946334839,34034,"16"
"ID",2023,1807.00830078125,5.81010770797729,18195.51953125,13528.5888671875,0.106201931834221,0.156147688627243,1458.58032226562,4.61185073852539,35534,"16"
"ID",2024,1659.71057128906,5.25999307632446,19382.26953125,15238.8994140625,0.0943662747740746,0.132055297493935,1290.61010742188,4.02642679214478,37960,"16"
"IL",2014,1711.34619140625,13.0987949371338,64243.15234375,11417.9384765625,0.0930843353271484,0.168495491147041,1255.32189941406,9.66871738433838,268368,"17"
"IL",2015,1786.0224609375,13.286937713623,79210.4921875,11389.5087890625,0.097133532166481,0.178440719842911,1307.58056640625,9.72104072570801,215826,"17"
"IL",2016,1755.52563476562,12.585729598999,73872.4453125,11536.2802734375,0.0954833701252937,0.174697399139404,1317.89892578125,9.31618690490723,276130,"17"
"IL",2017,1757.51989746094,12.2207517623901,82666.453125,11645.779296875,0.0940727069973946,0.173073947429657,1321.69323730469,8.96943950653076,295435,"17"
"IL",2018,1846.70617675781,12.5378866195679,92083.4375,12087.515625,0.0953800976276398,0.177570670843124,1403.59997558594,9.27503776550293,256071,"17"
"IL",2019,1886.62817382812,12.7334690093994,93285.6328125,12343.6884765625,0.0949574634432793,0.176577121019363,1427.52001953125,9.17469120025635,238093,"17"
"IL",2020,1935.38647460938,12.6286907196045,86639.7890625,12295.8173828125,0.0989051461219788,0.1851606965065,1506.40991210938,9.44569778442383,208628,"17"
"IL",2021,1876.16540527344,10.9428701400757,20915.25,12000.849609375,0.0996491238474846,0.182375147938728,1497.65258789062,8.34639549255371,231135,"17"
"IL",2022,2111.0390625,11.1418285369873,21295.61328125,12365.1181640625,0.107946053147316,0.20108488202095,1725.61962890625,8.69279766082764,239279,"17"
"IL",2023,2647.31860351562,13.6060190200806,22762.18359375,12973.3212890625,0.124003790318966,0.237056747078896,2117.26684570312,10.4105367660522,248779,"17"
"IL",2024,3281.34521484375,15.5644035339355,25319.40625,14365.568359375,0.137176245450974,0.267845988273621,2621.47998046875,12.0937719345093,297369,"17"
"IN",2014,1385.17932128906,15.3033285140991,34315.640625,8465.7685546875,0.122061260044575,0.185107067227364,1109.02001953125,12.0106735229492,149273,"18"
"IN",2015,1421.31091308594,14.8403730392456,58692.28125,8480.412109375,0.122678309679031,0.190168827772141,1136.20251464844,11.6200942993164,139967,"18"
"IN",2016,1471.65295410156,14.7379169464111,42690.51171875,8522.48046875,0.129031673073769,0.196784764528275,1212.080078125,11.9451808929443,164216,"18"
"IN",2017,1426.228515625,13.4268560409546,41433.984375,8658.5576171875,0.123855896294117,0.188166946172714,1178.09997558594,10.9302272796631,189458,"18"
"IN",2018,1453.28564453125,12.7384967803955,47500.7421875,8902.08203125,0.123279146850109,0.18753856420517,1204.71997070312,10.3893966674805,157131,"18"
"IN",2019,1512.33410644531,12.278265953064,50186.671875,9281.87109375,0.122644647955894,0.18716362118721,1251.99987792969,10.0108461380005,153283,"18"
"IN",2020,1509.603515625,11.3998575210571,52506.55078125,9316.6865234375,0.122222818434238,0.186953186988831,1262.26037597656,9.3347339630127,133243,"18"
"IN",2021,1531.05749511719,9.9380407333374,13235.861328125,9151.7548828125,0.126816183328629,0.191676050424576,1309.82055664062,8.32451629638672,129885,"18"
"IN",2022,1731.11413574219,9.86982917785645,13538.375,9451.1650390625,0.137277141213417,0.211117222905159,1480.40014648438,8.2908935546875,139243,"18"
"IN",2023,1965.03125,10.6909465789795,14460.9912109375,9895.14453125,0.145219072699547,0.230371817946434,1658.9599609375,8.90647888183594,139523,"18"
"IN",2024,2284.51782226562,11.7340850830078,16539.810546875,11403.5673828125,0.151425391435623,0.243129029870033,1955.49975585938,9.95536422729492,165713,"18"
"KS",2014,1867.66784667969,17.6388492584229,166439.96875,9551.3935546875,0.122194908559322,0.224260807037354,1578.94006347656,14.0567579269409,60785,"20"
"KS",2015,1962.31018066406,17.4645137786865,136201.859375,9488.2119140625,0.130732491612434,0.233925208449364,1654.67016601562,14.0269374847412,69906,"20"
"KS",2016,1992.01013183594,16.9437866210938,119709.5859375,9635.017578125,0.133352309465408,0.237446129322052,1730.44458007812,13.9344797134399,77434,"20"
"KS",2017,1962.66638183594,16.1803684234619,125108.015625,9730.5703125,0.130379155278206,0.233893051743507,1697.02001953125,13.1126689910889,77837,"20"
"KS",2018,2017.83325195312,15.9207134246826,133585.0625,9982.0244140625,0.131162360310555,0.23650050163269,1765.15502929688,12.9942016601562,78494,"20"
"KS",2019,2095.26684570312,15.7228155136108,130720.4296875,10295.9052734375,0.132016316056252,0.238805130124092,1839.8818359375,12.9289293289185,78554,"20"
"KS",2020,2096.04272460938,14.6880626678467,127643.28125,10397.8642578125,0.130774810910225,0.236777737736702,1867.93994140625,12.2416563034058,74107,"20"
"KS",2021,2179.90356445312,13.5157995223999,17659.76953125,10370.5302734375,0.144070714712143,0.246247440576553,1950.49609375,11.3871040344238,71584,"20"
"KS",2022,2455.14672851562,13.4631929397583,16929.01171875,10574.9912109375,0.155948624014854,0.271039664745331,2181.4423828125,11.3730564117432,65202,"20"
"KS",2023,2714.3994140625,13.9395389556885,17911.146484375,10978.375,0.162021160125732,0.289519935846329,2387.06079101562,11.7054538726807,65437,"20"
"KS",2024,3085.33520507812,15.0388526916504,19684.337890625,11982.4326171875,0.168747216463089,0.308492451906204,2697.04931640625,12.68776512146,66814,"20"
"KY",2014,1641.47521972656,15.6545276641846,61543.8984375,9345.9619140625,0.125851929187775,0.194070085883141,1333.84399414062,12.4795141220093,75992,"21"
"KY",2015,1664.2802734375,15.4793548583984,57928.78515625,9299.0234375,0.128229275345802,0.198636248707771,1352.12512207031,12.2756748199463,81383,"21"
"KY",2016,1672.59020996094,14.9548530578613,47924.8671875,9409.298828125,0.129376113414764,0.199028924107552,1370.67272949219,11.9036312103271,97005,"21"
"KY",2017,1672.0029296875,14.2395782470703,49766.3671875,9478.7880859375,0.128487348556519,0.198005095124245,1373.23999023438,11.2779922485352,95606,"21"
"KY",2018,1739.10424804688,14.076379776001,56994.54296875,9737.1630859375,0.130160167813301,0.200877740979195,1445.01000976562,11.3258504867554,92675,"21"
"KY",2019,1837.45520019531,14.0836191177368,57875.0390625,10062.1826171875,0.132986560463905,0.205643638968468,1543.02001953125,11.4077205657959,90950,"21"
"KY",2020,1824.97961425781,13.1614589691162,56438.22265625,10225.603515625,0.131155967712402,0.201840460300446,1545.66955566406,10.6666498184204,87552,"21"
"KY",2021,1865.49584960938,11.6808805465698,27169.015625,10110.62109375,0.134154170751572,0.206323936581612,1580.60998535156,9.48032283782959,81155,"21"
"KY",2022,2095.13940429688,11.7137832641602,15144.146484375,10485.5087890625,0.146256700158119,0.225674822926521,1784.93005371094,9.64317226409912,81395,"21"
"KY",2023,2286.48388671875,12.1763353347778,15871.533203125,10942.203125,0.152252912521362,0.237706020474434,1915.15502929688,9.77969741821289,84298,"21"
"KY",2024,2656.08154296875,13.6169404983521,17522.1953125,12101.47265625,0.16249880194664,0.256417572498322,2256.96997070312,11.0856513977051,91345,"21"
"LA",2014,2434.97509765625,18.5317687988281,69951.734375,10429.431640625,0.159422442317009,0.256513059139252,1961.26281738281,14.9106636047363,72843,"22"
"LA",2015,2388.65649414062,17.3596801757812,84777.4375,10452.25,0.153716757893562,0.250916123390198,1897.67980957031,13.8977966308594,81763,"22"
"LA",2016,2369.22216796875,16.1889915466309,91476.359375,10676.61328125,0.148599952459335,0.244478479027748,1872.42993164062,12.8815851211548,97225,"22"
"LA",2017,2262.67993164062,15.52112865448,105358.234375,10791.919921875,0.14061127603054,0.231464639306068,1801.35949707031,12.279860496521,96449,"22"
"LA",2018,2215.79150390625,15.0473594665527,113686.1640625,11030.1669921875,0.135144919157028,0.222209066152573,1762.1298828125,11.7300453186035,96901,"22"
"LA",2019,2161.36108398438,14.2525625228882,117001.7890625,11288.8544921875,0.130279943346977,0.212647929787636,1743.11987304688,11.3352279663086,95352,"22"
"LA",2020,2171.41137695312,13.6359329223633,128066.3125,11402.72265625,0.129212960600853,0.212143555283546,1749.443359375,10.9132165908813,90193,"22"
"LA",2021,2262.95361328125,13.3324995040894,25396.3984375,11205.8037109375,0.140925109386444,0.221892490983009,1835.73461914062,10.8643522262573,85698,"22"
"LA",2022,2753.45849609375,15.3224086761475,16770.02734375,11311.5224609375,0.165944427251816,0.268447548151016,2222.1416015625,12.3867216110229,88729,"22"
"LA",2023,3437.94140625,19.7830486297607,17900.056640625,11637.587890625,0.191605880856514,0.324049919843674,2731.7197265625,15.5621995925903,92663,"22"
"LA",2024,3973.291015625,23.5533638000488,19589.384765625,12703.3505859375,0.203338578343391,0.348531603813171,3165.82543945312,18.4541816711426,99993,"22"
"MA",2014,1807.63354492188,10.4392900466919,87483.5,16100.701171875,0.0771106109023094,0.124572053551674,1434.84008789062,8.05620574951172,136477,"25"
"MA",2015,1926.77160644531,10.6010971069336,133376.296875,16130.2802734375,0.0802621021866798,0.133531361818314,1532.98046875,8.21017074584961,110766,"25"
"MA",2016,1936.32507324219,9.99583911895752,129125.1328125,16264.78125,0.0801844969391823,0.133214086294174,1563.9599609375,7.84890937805176,129937,"25"
"MA",2017,1944.45690917969,9.43179512023926,124650.71875,16658.751953125,0.0787859484553337,0.130787491798401,1575.03051757812,7.42680740356445,136592,"25"
"MA",2018,1982.076171875,9.17007446289062,108423.890625,17231.412109375,0.0786298140883446,0.130181476473808,1622.59912109375,7.27115058898926,155795,"25"
"MA",2019,2078.49926757812,9.42202091217041,94582.0703125,17639.65625,0.0809299796819687,0.133841961622238,1711.02099609375,7.49489784240723,171694,"25"
"MA",2020,2146.31298828125,9.28930854797363,98012.8125,17935.638671875,0.0810303762555122,0.13679438829422,1740.78076171875,7.26634502410889,137554,"25"
"MA",2021,2048.75415039062,7.64576053619385,27295.01171875,17582.197265625,0.0807269960641861,0.1313356757164,1706.740234375,6.16537284851074,122284,"25"
"MA",2022,2299.40991210938,7.6617488861084,27314.96875,17849.7890625,0.0887297093868256,0.147434756159782,1946.921875,6.26729774475098,119803,"25"
"MA",2023,2673.62377929688,8.59822559356689,29130.16015625,18710.2734375,0.0966953858733177,0.164387255907059,2232.40283203125,6.92469024658203,130066,"25"
"MA",2024,2914.1396484375,8.57384872436523,31289.748046875,20408.44140625,0.0989215672016144,0.166976988315582,2490.44067382812,7.08352375030518,161503,"25"
"MD",2014,1599.79370117188,9.13925266265869,336039.59375,16654.703125,0.0636054575443268,0.109355449676514,1137.04077148438,6.141676902771,242502,"24"
"MD",2015,1639.2080078125,9.24432182312012,263244.375,16603.6171875,0.0683502703905106,0.113997727632523,1162.48999023438,6.17099618911743,224856,"24"
"MD",2016,1618.54467773438,8.9991340637207,210624.625,16593.755859375,0.0697341933846474,0.113393485546112,1202.96997070312,6.23223829269409,312699,"24"
"MD",2017,1749.33044433594,9.24642086029053,276729.9375,16752.376953125,0.0707693248987198,0.119356691837311,1307.84301757812,6.50996875762939,270698,"24"
"MD",2018,1750.39038085938,8.91665554046631,314213.84375,17258.72265625,0.0686455741524696,0.116955302655697,1329.548828125,6.3804178237915,257357,"24"
"MD",2019,1812.55334472656,8.83523654937744,347005.46875,17593.57421875,0.068907268345356,0.118602238595486,1408.29956054688,6.55056524276733,243588,"24"
"MD",2020,1830.56481933594,8.47213554382324,369658.65625,17677.755859375,0.068003885447979,0.119952194392681,1435.79943847656,6.33938980102539,234558,"24"
"MD",2021,1782.98815917969,7.38732576370239,28120.361328125,17186.44140625,0.0788453593850136,0.11909107118845,1457.1708984375,5.74059438705444,248203,"24"
"MD",2022,2003.80676269531,7.70795106887817,24873.611328125,17390.095703125,0.0870469436049461,0.133470699191093,1647.80395507812,6.00501680374146,227098,"24"
"MD",2023,2332.33227539062,8.7576322555542,25883.19140625,17821.84375,0.0966325253248215,0.151777222752571,1903.36779785156,6.78224754333496,227720,"24"
"MD",2024,2723.7958984375,9.85420322418213,27736.015625,18813.931640625,0.105997882783413,0.169544070959091,2267.87963867188,7.79764175415039,241808,"24"
"ME",2014,1571.40161132812,12.4792280197144,80887.375,11053.0361328125,0.0966181755065918,0.156300097703934,1200.51013183594,9.44539546966553,19020,"23"
"ME",2015,1319.08752441406,10.2812061309814,67085.078125,11402.9921875,0.0793571472167969,0.12839587032795,954.679931640625,7.19994592666626,21972,"23"
"ME",2016,1232.22106933594,9.39127540588379,54796.0078125,11453.01953125,0.074767529964447,0.119307190179825,913.460266113281,6.79849720001221,25344,"23"
"ME",2017,1202.06335449219,8.71446895599365,60549.76953125,11547.3525390625,0.0726141855120659,0.116232715547085,884.700378417969,6.12089347839355,24066,"23"
"ME",2018,1186.13037109375,7.94923448562622,50329.73828125,11892.279296875,0.0701590701937675,0.111425116658211,874.580017089844,5.61346435546875,26946,"23"
"ME",2019,1250.78857421875,8.0280876159668,50094.30859375,12096.0126953125,0.0727484524250031,0.116009220480919,926.668334960938,5.70810079574585,26747,"23"
"ME",2020,1239.63256835938,7.13484334945679,50848.16796875,12404.2236328125,0.070613220334053,0.113024391233921,922.262329101562,5.05433320999146,23110,"23"
"ME",2021,1146.71728515625,5.60051298141479,18028.75,12305.068359375,0.0671458467841148,0.104253575205803,884.937377929688,4.12578439712524,24740,"23"
"ME",2022,1318.61254882812,5.30881595611572,18327.869140625,12606.6708984375,0.0754667297005653,0.118810683488846,1026.55859375,3.97420930862427,22695,"23"
"ME",2023,1636.8388671875,6.28191947937012,19802.740234375,13421.2080078125,0.0873773545026779,0.140583753585815,1287.76123046875,4.67639780044556,24781,"23"
"ME",2024,1798.54406738281,6.57825326919556,21734.654296875,14898.921875,0.0899887233972549,0.146117076277733,1442.17724609375,4.99444055557251,26792,"23"
"MI",2014,1492.58215332031,17.7381153106689,35662.265625,9058.9375,0.114819496870041,0.188484266400337,1155.53173828125,12.5920667648315,152820,"26"
"MI",2015,1638.8916015625,17.9691467285156,33966.7734375,9101.9609375,0.124266162514687,0.204239398241043,1294.49096679688,13.1949691772461,169510,"26"
"MI",2016,1750.6318359375,18.1535587310791,28056.83984375,9159.2392578125,0.132190436124802,0.215499043464661,1390.62524414062,13.0599765777588,212352,"26"
"MI",2017,1679.41491699219,16.2630405426025,30481.423828125,9270.740234375,0.126677244901657,0.20655246078968,1334.46997070312,11.809515953064,216163,"26"
"MI",2018,1638.29125976562,14.4574289321899,30773.306640625,9483.3388671875,0.123391188681126,0.200344115495682,1296.98974609375,10.5679454803467,237556,"26"
"MI",2019,1752.26306152344,14.3155965805054,27538.271484375,9768.82421875,0.12682144343853,0.204469457268715,1405.91394042969,10.6679124832153,280719,"26"
"MI",2020,1965.28100585938,14.6819620132446,28816.8828125,10086.83203125,0.135908007621765,0.218901515007019,1584.18041992188,11.1211605072021,196160,"26"
"MI",2021,1863.05041503906,12.3186016082764,15079.302734375,9692.9169921875,0.133026778697968,0.217400416731834,1474.5791015625,9.13465309143066,154796,"26"
"MI",2022,2012.31982421875,11.942569732666,15341.201171875,10006.0927734375,0.138076052069664,0.227921411395073,1606.98315429688,9.1090669631958,150364,"26"
"MI",2023,2321.42822265625,13.5834655761719,16397.41015625,10556.2587890625,0.148711919784546,0.250456839799881,1862.46997070312,10.1427507400513,162119,"26"
"MI",2024,2771.77709960938,15.282657623291,18712.96484375,12164.62109375,0.157794922590256,0.265868186950684,2296.64501953125,11.8645296096802,202348,"26"
"MN",2014,1782.75805664062,13.0398626327515,55137.82421875,11964.76171875,0.107329331338406,0.166539400815964,1482.26440429688,10.6435508728027,265291,"27"
"MN",2015,1917.31225585938,13.1718578338623,79007.8203125,12058.2255859375,0.112499967217445,0.178928464651108,1607.83996582031,10.819652557373,190351,"27"
"MN",2016,1907.16235351562,12.4884061813354,64195.2421875,12261.7705078125,0.110994376242161,0.175529643893242,1618.97741699219,10.3596830368042,213886,"27"
"MN",2017,1857.337890625,11.4553718566895,64092.3984375,12475.3603515625,0.107602462172508,0.169078081846237,1583.74987792969,9.48571968078613,231914,"27"
"MN",2018,1960.51525878906,11.4945125579834,72234.2890625,12752.3115234375,0.110557891428471,0.175141841173172,1695.86645507812,9.611741065979,223797,"27"
"MN",2019,2032.56591796875,11.5491638183594,78464.6640625,13169.859375,0.10944776982069,0.175503328442574,1755.76196289062,9.6145486831665,219262,"27"
"MN",2020,2092.04736328125,11.0582733154297,83299.0546875,13213.228515625,0.111156582832336,0.180179834365845,1832.88012695312,9.40689659118652,198452,"27"
"MN",2021,2095.04370117188,9.82233619689941,19849.287109375,13032.646484375,0.115662336349487,0.182352244853973,1843.95727539062,8.39104270935059,172288,"27"
"MN",2022,2471.29516601562,10.5287523269653,19988.1953125,13292.3681640625,0.131142124533653,0.21160514652729,2192.08032226562,9.08670902252197,172624,"27"
"MN",2023,2973.4169921875,12.8056173324585,21284.01953125,13742.4560546875,0.147384107112885,0.247819349169731,2602.55029296875,10.9736289978027,166772,"27"
"MN",2024,3317.8388671875,13.953143119812,23493.953125,15263.6064453125,0.150374442338943,0.255660563707352,2881.97021484375,11.8787460327148,192724,"27"
"MO",2014,1655.81335449219,15.1733779907227,70973.1875,9486.1455078125,0.122948691248894,0.196726500988007,1368.3701171875,12.2617683410645,130911,"29"
"MO",2015,1683.82434082031,14.7615785598755,84894.5078125,9390.7197265625,0.125490069389343,0.203564539551735,1407.61877441406,12.0560255050659,143578,"29"
"MO",2016,1721.86547851562,14.1988964080811,85539.921875,9495.162109375,0.127242103219032,0.206235334277153,1448.33056640625,11.722806930542,166292,"29"
"MO",2017,1693.46862792969,13.2018232345581,90667.0078125,9632.12109375,0.12415324896574,0.20117025077343,1434.17041015625,10.9387454986572,171216,"29"
"MO",2018,1794.42993164062,13.272198677063,99789.0703125,9850.3427734375,0.126823604106903,0.208369717001915,1525.6201171875,11.0493698120117,175585,"29"
"MO",2019,1827.95703125,12.9271831512451,101927.40625,10256.24609375,0.125179663300514,0.205140843987465,1554.96997070312,10.7428951263428,178644,"29"
"MO",2020,1898.05895996094,12.572114944458,98907.4765625,10321.603515625,0.127661034464836,0.211636900901794,1637.04455566406,10.5699977874756,177118,"29"
"MO",2021,1915.50427246094,11.1345109939575,22610.677734375,10239.337890625,0.134792536497116,0.214140608906746,1657.33984375,9.40968322753906,159059,"29"
"MO",2022,2151.55883789062,11.2331418991089,15605.0068359375,10387.7392578125,0.148136585950851,0.23815056681633,1862.76989746094,9.46577072143555,152404,"29"
"MO",2023,2295.04516601562,11.5080871582031,16134.7333984375,10731.08203125,0.152384698390961,0.247754007577896,1957.29516601562,9.57113647460938,157966,"29"
"MO",2024,2786.68920898438,13.3494234085083,17968.892578125,11777.126953125,0.166552484035492,0.279826134443283,2372.98974609375,11.15172290802,161682,"29"
"MS",2014,2113.94848632812,23.0015068054199,48539.88671875,9527.5185546875,0.15790531039238,0.247572407126427,1726.74975585938,17.544075012207,31569,"28"
"MS",2015,2173.11376953125,21.6204452514648,52096.80859375,9474.55859375,0.162194237112999,0.256936460733414,1791.87036132812,16.9115180969238,36298,"28"
"MS",2016,2168.14892578125,20.5211067199707,54377.08203125,9589.9853515625,0.161065816879272,0.254112213850021,1810.01477050781,16.4693908691406,43828,"28"
"MS",2017,2111.80908203125,19.507137298584,59240.99609375,9652.7568359375,0.15674664080143,0.248011469841003,1773.30493164062,15.6497211456299,45696,"28"
"MS",2018,2155.01489257812,19.2386322021484,73312.8203125,9918.7666015625,0.155453503131866,0.24715331196785,1813.72033691406,15.5627937316895,48863,"28"
"MS",2019,2211.76416015625,19.0462436676025,78585.6953125,10173.46484375,0.155126109719276,0.24683852493763,1869.57019042969,15.5223255157471,48999,"28"
"MS",2020,2185.85668945312,18.0487251281738,86644.515625,10372.7587890625,0.152055680751801,0.240885108709335,1867.14111328125,14.7384719848633,47459,"28"
"MS",2021,2250.19702148438,16.0923442840576,15656.986328125,10429.078125,0.159304842352867,0.244218349456787,1922.79382324219,13.2118577957153,41867,"28"
"MS",2022,2531.65966796875,16.1457595825195,15492.5107421875,10709.64453125,0.17228764295578,0.269885420799255,2166.80981445312,13.2927961349487,42103,"28"
"MS",2023,2865.1953125,18.4118156433105,16291.4189453125,11138.97265625,0.184239432215691,0.294217556715012,2406.2294921875,14.7375450134277,42268,"28"
"MS",2024,3092.53369140625,19.8811264038086,17571.720703125,12116.38671875,0.186938986182213,0.29959163069725,2615.54052734375,15.8875827789307,46419,"28"
"MT",2014,1371.52270507812,8.81364059448242,190781.203125,11142.7119140625,0.0871674790978432,0.139651626348495,1118.79504394531,7.13034629821777,38068,"30"
"MT",2015,1518.84313964844,9.36199855804443,219689.34375,11401.5810546875,0.0919430702924728,0.152074739336967,1237.009765625,7.49982309341431,28996,"30"
"MT",2016,1569.00732421875,9.62113571166992,211159.9375,11640.54296875,0.0930855870246887,0.153725922107697,1271.78491210938,7.52969837188721,33752,"30"
"MT",2017,1562.56140136719,9.19665431976318,243151.5,11848.6943359375,0.0900972858071327,0.149979293346405,1270.74291992188,7.21073436737061,34114,"30"
"MT",2018,1634.818359375,9.01158142089844,271579.46875,12267.7705078125,0.088254801928997,0.152242660522461,1356.97973632812,7.23889541625977,35524,"30"
"MT",2019,1697.64782714844,9.09105396270752,273532.375,12621.6162109375,0.0904353260993958,0.155586570501328,1431.60034179688,7.33285093307495,35313,"30"
"MT",2020,1729.83740234375,8.54088973999023,284930.375,12886.7900390625,0.088192991912365,0.154866248369217,1467.57019042969,6.92864036560059,31743,"30"
"MT",2021,1797.56896972656,7.31567668914795,19335.8828125,12826.361328125,0.107774637639523,0.161833986639977,1530.84521484375,5.95151710510254,34166,"30"
"MT",2022,2031.65246582031,6.99907398223877,18511.06640625,13204.7998046875,0.11781620234251,0.179444581270218,1737.78002929688,5.69419860839844,28428,"30"
"MT",2023,2278.53051757812,7.74051284790039,19472.76171875,13747.5810546875,0.125828772783279,0.196124523878098,1923.47009277344,6.18955230712891,27550,"30"
"MT",2024,2813.31420898438,9.06400108337402,22262.716796875,15494.2880859375,0.138560771942139,0.223824501037598,2427.37573242188,7.46596336364746,31079,"30"
"NC",2014,1520.5302734375,12.6486663818359,137258.125,11019.205078125,0.0998997464776039,0.154611885547638,1174.98999023438,9.59737968444824,296074,"37"
"NC",2015,1561.19897460938,12.5193824768066,149859,11056.4609375,0.101380228996277,0.158640921115875,1205.6376953125,9.44828701019287,310002,"37"
"NC",2016,1533.58581542969,11.9311447143555,141478.234375,11190.2099609375,0.099459245800972,0.154538244009018,1186.78466796875,8.93627548217773,353144,"37"
"NC",2017,1550.63525390625,11.3577651977539,157360.46875,11413.0107421875,0.0980629101395607,0.153559640049934,1186.26000976562,8.33776473999023,351797,"37"
"NC",2018,1550.07678222656,10.6986198425293,168628,11716.275390625,0.0963310971856117,0.150728911161423,1218.96508789062,7.99144601821899,351881,"37"
"NC",2019,1582.72424316406,10.3582925796509,175278.390625,12040.1982421875,0.0965292155742645,0.151077717542648,1272.80993652344,7.85894060134888,364276,"37"
"NC",2020,1656.25598144531,10.0871152877808,190904.203125,12268.1708984375,0.0980188697576523,0.156359061598778,1358.27001953125,7.77596139907837,369813,"37"
"NC",2021,1651.21337890625,8.58067512512207,30868.419921875,12194.099609375,0.106182128190994,0.156822219491005,1354.54174804688,6.6124267578125,333320,"37"
"NC",2022,1822.7998046875,7.9899754524231,17133.8359375,12472.453125,0.115792982280254,0.171269118785858,1484.56274414062,6.13538360595703,300339,"37"
"NC",2023,2086.90649414062,8.7381534576416,18004.8671875,12944.0732421875,0.125767201185226,0.190750122070312,1682.76000976562,6.6747784614563,300593,"37"
"NC",2024,2448.02197265625,9.80702495574951,19716.9453125,14046.3564453125,0.136494427919388,0.211720660328865,2027.88391113281,7.76777172088623,315946,"37"
"ND",2014,1494.49865722656,7.95674800872803,89064.4140625,10681.9033203125,0.0999328568577766,0.155008122324944,1217.71997070312,6.42706537246704,10272,"38"
"ND",2015,1760.11450195312,8.68626976013184,160871.8125,11096.6748046875,0.109095469117165,0.176236093044281,1450.28479003906,7.20369625091553,12722,"38"
"ND",2016,1737.38488769531,8.51513481140137,134484.890625,11586.0595703125,0.106934554874897,0.170391619205475,1437.23059082031,6.99974679946899,14793,"38"
"ND",2017,1756.17346191406,8.82304286956787,140043.4375,11822.66015625,0.106075070798397,0.169255614280701,1467.41027832031,7.31308174133301,14232,"38"
"ND",2018,1862.79541015625,9.61320877075195,137789.75,12152.623046875,0.108184009790421,0.174611464142799,1601.39990234375,8.19726753234863,15993,"38"
"ND",2019,1791.15063476562,9.09408092498779,149193.4375,12432.693359375,0.102254547178745,0.164702877402306,1530.93981933594,7.66698503494263,14891,"38"
"ND",2020,1773.13061523438,8.75463104248047,155269.671875,12514.4404296875,0.100215263664722,0.162134245038033,1517.68115234375,7.35069942474365,13694,"38"
"ND",2021,1824.65075683594,8.52175998687744,18387.48046875,12529.720703125,0.109069727361202,0.164965435862541,1564.79992675781,7.22080278396606,13166,"38"
"ND",2022,1968.61584472656,8.63549137115479,18243.251953125,12635.7333984375,0.115684479475021,0.17762103676796,1703.13989257812,7.3594651222229,13092,"38"
"ND",2023,2259.68994140625,9.73251724243164,19263.626953125,13084.857421875,0.125531747937202,0.19757379591465,1985.60192871094,8.38090705871582,12634,"38"
"ND",2024,2505.42578125,10.6466732025146,20889.86328125,14165.1552734375,0.129911303520203,0.207308262586594,2204.59985351562,9.06737613677979,13473,"38"
"NE",2014,1533.1494140625,13.4624862670898,42572.83203125,8929.18359375,0.113931648433208,0.19479313492775,1297.88000488281,11.2092971801758,68393,"31"
"NE",2015,1689.14025878906,14.2188177108765,96413.6171875,9107.6259765625,0.118523374199867,0.210924625396729,1424.41943359375,11.8284521102905,52729,"31"
"NE",2016,1848.74719238281,14.8992900848389,83180.453125,9346.736328125,0.12698569893837,0.224830150604248,1590.14025878906,12.501708984375,56925,"31"
"NE",2017,1887.693359375,14.5052452087402,119067.765625,9568.2314453125,0.124471925199032,0.225070044398308,1626.84008789062,12.1857242584229,60862,"31"
"NE",2018,2031.60791015625,15.0331430435181,114569.6171875,9804.6083984375,0.130263388156891,0.236722216010094,1751.28002929688,12.6022758483887,64539,"31"
"NE",2019,2145.81030273438,14.9718446731567,112068.9375,10192.00390625,0.131891265511513,0.240960419178009,1869.93920898438,12.750807762146,60091,"31"
"NE",2020,2228.693359375,14.4807949066162,112194.5859375,10266.45703125,0.134523898363113,0.247711673378944,1952.91015625,12.4151306152344,56680,"31"
"NE",2021,2350.56079101562,13.2616806030273,17735.640625,10279.7353515625,0.14467965066433,0.257935404777527,2054.57470703125,11.3301525115967,51813,"31"
"NE",2022,2682.12451171875,13.5063600540161,18133.033203125,10708.2041015625,0.156669214367867,0.285794198513031,2357.87646484375,11.6138343811035,51127,"31"
"NE",2023,3138.46362304688,15.05810546875,19274.748046875,11082.2333984375,0.171688437461853,0.324676781892776,2749.69897460938,12.9030952453613,50129,"31"
"NE",2024,3699.97338867188,17.1829032897949,21320.791015625,12163.91796875,0.183438703417778,0.356275290250778,3218.08984375,14.5930347442627,47196,"31"
"NH",2014,1872.61791992188,14.6259880065918,69403.640625,13136.5244140625,0.0869580209255219,0.15420700609684,1334.01000976562,10.18483543396,27557,"33"
"NH",2015,1761.34155273438,12.971565246582,169481.46875,13409.875,0.0769346356391907,0.144390389323235,1285.10009765625,9.24280548095703,30116,"33"
"NH",2016,1583.22216796875,11.1757936477661,89765.1484375,13379.5419921875,0.0724877715110779,0.130764916539192,1166.88000488281,7.91380739212036,41841,"33"
"NH",2017,1663.0322265625,10.6961526870728,91625.1875,13696.9404296875,0.0742900893092155,0.134000450372696,1224.92041015625,7.70533752441406,38739,"33"
"NH",2018,1691.20825195312,10.3204498291016,101871.171875,14131.83984375,0.0742642134428024,0.133914306759834,1272.6005859375,7.57782173156738,41617,"33"
"NH",2019,1761.78210449219,10.0548076629639,85980.2109375,14507.84375,0.0747178494930267,0.134459137916565,1318.67016601562,7.36166858673096,41496,"33"
"NH",2020,1675.99755859375,9.0113639831543,80809.6484375,14550.7470703125,0.0723113492131233,0.130128398537636,1266.78881835938,6.67096138000488,38166,"33"
"NH",2021,1754.21105957031,7.82273435592651,23995.83984375,14396.7265625,0.076261967420578,0.134969636797905,1362.86047363281,5.95998859405518,31792,"33"
"NH",2022,1727.4443359375,6.72535562515259,23770.7890625,14711.3486328125,0.0749499425292015,0.132520362734795,1375.80017089844,5.27068471908569,30184,"33"
"NH",2023,1980.08544921875,7.30475282669067,25104.857421875,15435.1005859375,0.0815567970275879,0.147019043564796,1592.93920898438,5.8003363609314,30570,"33"
"NH",2024,2569.80297851562,8.72835254669189,28014.099609375,17188.916015625,0.0955670550465584,0.175277516245842,2120.46020507812,7.09436273574829,33116,"33"
"NJ",2014,2138.50708007812,11.5371055603027,58995.44140625,16056.7578125,0.0801245421171188,0.151868671178818,1554.60083007812,8.01037693023682,221490,"34"
"NJ",2015,2150.68579101562,11.3439416885376,84249.875,16053.4931640625,0.0792443379759789,0.153930157423019,1565.9501953125,7.98491716384888,210064,"34"
"NJ",2016,2030.6162109375,10.3867206573486,69642.453125,16189.212890625,0.0738755017518997,0.142531543970108,1494.00024414062,7.38060092926025,287930,"34"
"NJ",2017,2071.28881835938,10.3092451095581,90536.15625,16504.255859375,0.0735204294323921,0.14317262172699,1487.84057617188,7.1663932800293,242236,"34"
"NJ",2018,1986.90966796875,9.63528251647949,90922.6484375,16735.185546875,0.0704246535897255,0.137245565652847,1453.92944335938,6.82314014434814,251072,"34"
"NJ",2019,2033.65490722656,9.60864162445068,89364.4296875,17149.15234375,0.0701922625303268,0.135579645633698,1475.6015625,6.77541446685791,249623,"34"
"NJ",2020,2103.73779296875,9.37897968292236,93715.78125,17288.99609375,0.0724204853177071,0.142158165574074,1567.0927734375,6.80555057525635,235416,"34"
"NJ",2021,1894.46081542969,7.34660768508911,29839.697265625,16595.583984375,0.0688223019242287,0.130722269415855,1468.16088867188,5.615065574646,243080,"34"
"NJ",2022,2140.05517578125,7.52360725402832,29918.322265625,17192.81640625,0.0749364271759987,0.143225431442261,1671.55126953125,5.80651712417603,241507,"34"
"NJ",2023,2466.53369140625,8.27347373962402,31046.73046875,17689.84765625,0.0836640074849129,0.163096904754639,1928.740234375,6.3934326171875,249871,"34"
"NJ",2024,2664.25122070312,8.22542285919189,32738.912109375,18850.31640625,0.0864790230989456,0.16758206486702,2155.22021484375,6.57543087005615,279537,"34"
"NM",2014,1378.99816894531,10.4030475616455,182018.421875,10933.5185546875,0.0907757952809334,0.144047513604164,1041.18786621094,7.58422183990479,43587,"35"
"NM",2015,1393.03820800781,10.2160272598267,108658.875,10811.5556640625,0.0964682474732399,0.147738933563232,1054.1923828125,7.43557500839233,46114,"35"
"NM",2016,1395.73937988281,10.3613586425781,88461.7890625,10860.21875,0.0972149893641472,0.147059872746468,1068.71997070312,7.75586032867432,55291,"35"
"NM",2017,1374.63916015625,9.97191143035889,166417.15625,11023.693359375,0.0912433490157127,0.144002735614777,1064.13000488281,7.43104362487793,56510,"35"
"NM",2018,1395.11450195312,9.80704689025879,140779.8125,11205.0107421875,0.09310083091259,0.144736632704735,1103.19482421875,7.45731639862061,55658,"35"
"NM",2019,1497.57287597656,9.94837760925293,136900.34375,11486.34765625,0.0971981436014175,0.151747524738312,1204.13354492188,7.67656183242798,57266,"35"
"NM",2020,1512.46899414062,9.20457649230957,132101.328125,11577.5693359375,0.0978501588106155,0.152815237641335,1229.26000976562,7.18022346496582,57614,"35"
"NM",2021,1534.3662109375,8.19245052337646,16137.1142578125,11360.26171875,0.10619430243969,0.156340628862381,1257.34033203125,6.33636856079102,54141,"35"
"NM",2022,1695.48571777344,8.09519290924072,16014.0068359375,11587.3623046875,0.114032827317715,0.169833451509476,1378.55859375,6.04808282852173,48285,"35"
"NM",2023,1925.04174804688,8.79354000091553,16825.373046875,11989.4609375,0.122612275183201,0.187731593847275,1548.13989257812,6.42996597290039,48703,"35"
"NM",2024,2320.63330078125,10.3946008682251,18660.400390625,13221.767578125,0.135328516364098,0.211714565753937,1874.45922851562,7.5405445098877,48318,"35"
"NV",2014,1088.6044921875,6.56525945663452,33053.6953125,11820.9384765625,0.0729047283530235,0.100474298000336,764.412048339844,4.59224462509155,100984,"32"
"NV",2015,1157.10339355469,6.62852096557617,39219.84765625,12083.84375,0.0766821131110191,0.10650459676981,838.029968261719,4.76140451431274,79477,"32"
"NV",2016,1116.85986328125,5.95001888275146,43140.0625,12348.5283203125,0.0732012614607811,0.101064138114452,829.350036621094,4.37839841842651,96751,"32"
"NV",2017,1089.97131347656,5.35811710357666,52473.92578125,12725.50390625,0.0679706782102585,0.0945327207446098,773.560241699219,3.73759722709656,110037,"32"
"NV",2018,1159.880859375,5.15818738937378,55809.5390625,13435.630859375,0.0690338313579559,0.0954000353813171,823.662109375,3.60487985610962,85021,"32"
"NV",2019,1248.53503417969,5.26167392730713,61838.69921875,13841.3671875,0.0726638063788414,0.100104808807373,911.619384765625,3.80372929573059,88477,"32"
"NV",2020,1273.84545898438,5.10800838470459,60511.1953125,13587.359375,0.0756391659379005,0.10605538636446,941.189453125,3.75441122055054,73663,"32"
"NV",2021,1206.4111328125,4.16868782043457,17959.28125,13492.7265625,0.0742107108235359,0.100481048226357,946.514770507812,3.25753211975098,69560,"32"
"NV",2022,1332.07006835938,3.91839480400085,18351.26953125,14136.0927734375,0.0781932175159454,0.107685141265392,1038.859375,3.03148245811462,68515,"32"
"NV",2023,1487.19177246094,4.6013298034668,19260.16015625,14777.3759765625,0.0829479768872261,0.116197049617767,1148.41979980469,3.51576018333435,74914,"32"
"NV",2024,1688.43225097656,5.00594043731689,21327.158203125,16443.66796875,0.0875254720449448,0.122173883020878,1342.73999023438,3.9448709487915,82265,"32"
"NY",2014,2567.80517578125,13.0555229187012,54078.13671875,15595.599609375,0.101172067224979,0.18544901907444,1837.92004394531,9.33042049407959,284543,"36"
"NY",2015,2634.6484375,12.8696813583374,53582.78515625,15786.7587890625,0.101946152746677,0.189660891890526,1841.61987304688,9.0670051574707,238540,"36"
"NY",2016,2511.53393554688,12.0229787826538,64631.3125,15584.16796875,0.0970026552677155,0.181898519396782,1761.65991210938,8.45674324035645,274580,"36"
"NY",2017,2441.36645507812,11.4106063842773,61727.44921875,15314.609375,0.0960722044110298,0.180083066225052,1674.97021484375,7.89722299575806,312751,"36"
"NY",2018,2515.46533203125,11.5402135848999,69670.1953125,15582.310546875,0.0972760394215584,0.183260008692741,1757.88012695312,8.08920192718506,324742,"36"
"NY",2019,2541.30590820312,11.2111120223999,54827.68359375,15607.68359375,0.0990790575742722,0.184558942914009,1815.87084960938,8.11196231842041,374287,"36"
"NY",2020,2568.71997070312,10.6970462799072,90763.75,16115.189453125,0.0942739993333817,0.181670397520065,1747.61315917969,7.3517599105835,255571,"36"
"NY",2021,2453.201171875,9.19960498809814,29166.7421875,16318.380859375,0.0927206426858902,0.173154667019844,1766.38696289062,6.49794578552246,283212,"36"
"NY",2022,2520.60302734375,8.55104732513428,29239.248046875,16962.841796875,0.0913258120417595,0.172341167926788,1855.81518554688,6.15599918365479,259634,"36"
"NY",2023,2969.7958984375,9.54443836212158,30424.3125,17467.03125,0.100875854492188,0.192172229290009,2096.35009765625,6.88111400604248,275578,"36"
"NY",2024,3149.77416992188,9.30427360534668,32227.412109375,18728.09765625,0.101023897528648,0.191187053918839,2257.20922851562,6.9137921333313,280875,"36"
"OH",2014,1299.22265625,15.8010311126709,27367.7890625,8788.3662109375,0.101071633398533,0.167179778218269,1006.31555175781,11.9676914215088,220356,"39"
"OH",2015,1334.51708984375,15.6360683441162,53011.703125,8733.0546875,0.102884225547314,0.173671394586563,1043.60314941406,11.8426609039307,198945,"39"
"OH",2016,1294.29138183594,14.3260450363159,40159.9921875,8782.8798828125,0.101964637637138,0.169680714607239,1034.06958007812,11.0901298522949,242504,"39"
"OH",2017,1276.27124023438,13.2142305374146,42280.92578125,8946.4560546875,0.0988865420222282,0.164643079042435,1021.46997070312,10.252815246582,250089,"39"
"OH",2018,1326.44519042969,12.8884267807007,43572.9140625,9132.78125,0.100444711744785,0.167261213064194,1066.69580078125,10.0585651397705,262838,"39"
"OH",2019,1340.1728515625,12.1179704666138,48165.1484375,9429.7705078125,0.0985860228538513,0.164508774876595,1081.06030273438,9.37308597564697,234589,"39"
"OH",2020,1308.47924804688,11.0230197906494,48910.09765625,9523.291015625,0.0962794274091721,0.160123124718666,1070.63012695312,8.70848560333252,220779,"39"
"OH",2021,1417.07360839844,10.0861587524414,15289.78515625,9461.91796875,0.102859847247601,0.171528294682503,1178.34558105469,8.16573047637939,203153,"39"
"OH",2022,1538.13415527344,9.86355018615723,15302.693359375,9710.5869140625,0.109866745769978,0.184890374541283,1286.6455078125,7.96898651123047,200302,"39"
"OH",2023,1734.36669921875,10.5464515686035,16047.822265625,10197.98046875,0.11767290532589,0.199775695800781,1429.78002929688,8.39924049377441,214100,"39"
"OH",2024,2061.0537109375,11.660626411438,17987.380859375,11559.2109375,0.125037536025047,0.215531259775162,1702.22009277344,9.58281993865967,260399,"39"
"OK",2014,2301.96435546875,24.2924308776855,88038.3203125,8964.248046875,0.168497771024704,0.28399595618248,1969.54504394531,20.490234375,56710,"40"
"OK",2015,2377.25634765625,24.2419586181641,96773.46875,8963.3291015625,0.171439647674561,0.293421417474747,2034.03002929688,20.465425491333,61808,"40"
"OK",2016,2360.58862304688,23.4104251861572,87491.5625,9120.4228515625,0.170586958527565,0.28865373134613,2033.67590332031,19.8785018920898,73842,"40"
"OK",2017,2404.76440429688,23.2792854309082,186738.90625,9368.7626953125,0.158844321966171,0.2861068546772,2061.11987304688,19.7239723205566,79771,"40"
"OK",2018,2349.94921875,22.3752517700195,195362.71875,9492.1328125,0.154657080769539,0.278209358453751,2029.39331054688,18.9181671142578,80607,"40"
"OK",2019,2443.75170898438,22.3857574462891,190615,9796.611328125,0.155680075287819,0.279883086681366,2105.1201171875,18.8263359069824,82857,"40"
"OK",2020,2429.92626953125,21.0705242156982,188087.96875,9865.14453125,0.154365971684456,0.276819348335266,2113.23974609375,17.7629127502441,82517,"40"
"OK",2021,2474.02270507812,18.9163093566895,27945.24609375,9853.94921875,0.170010536909103,0.280000507831573,2162.9599609375,16.0376453399658,77898,"40"
"OK",2022,2720.29272460938,18.2421894073486,15563.1357421875,10077.212890625,0.183602869510651,0.303729295730591,2360.01953125,15.3556070327759,75846,"40"
"OK",2023,3103.2724609375,19.8055858612061,16427.068359375,10429.0576171875,0.196487560868263,0.334425657987595,2646.80859375,16.3736839294434,77022,"40"
"OK",2024,3551.23266601562,21.9599761962891,18228.529296875,11528.76171875,0.205576464533806,0.35763743519783,3024.98388671875,18.176549911499,73756,"40"
"OR",2014,1224.35314941406,7.72807550430298,70690.421875,12886.0224609375,0.06761234998703,0.102288909256458,820.700073242188,5.12620258331299,86787,"41"
"OR",2015,1186.96484375,7.03635168075562,74073.453125,13018.904296875,0.0659411922097206,0.100322850048542,816.645812988281,4.77068901062012,89787,"41"
"OR",2016,1130.62622070312,6.09904003143311,65775.546875,13258.224609375,0.0625515282154083,0.094287320971489,786.029541015625,4.16643667221069,109953,"41"
"OR",2017,1122.54931640625,5.64515018463135,67294.2578125,13656.2373046875,0.0606593079864979,0.0912699401378632,779.5693359375,3.84086132049561,111845,"41"
"OR",2018,1185.70068359375,5.74268198013306,77697.2109375,14380.94140625,0.0605489164590836,0.0913936793804169,837.9501953125,3.98328256607056,112647,"41"
"OR",2019,1247.62280273438,5.84327983856201,81768.3671875,14909.357421875,0.0620311386883259,0.0933588743209839,918.890014648438,4.22538661956787,111779,"41"
"OR",2020,1189.69360351562,5.20342922210693,80621.921875,15101.2412109375,0.0587197914719582,0.0894351974129677,871.400451660156,3.7569420337677,108666,"41"
"OR",2021,1171.97473144531,4.36372470855713,37538.46875,14929.306640625,0.0596358403563499,0.0885948166251183,905.800415039062,3.31453990936279,95151,"41"
"OR",2022,1422.19104003906,4.74885368347168,21463.208984375,15405.5830078125,0.070015050470829,0.104989632964134,1103.01940917969,3.60002517700195,85708,"41"
"OR",2023,1560.75598144531,5.30418300628662,22577.6953125,16130.974609375,0.0735047087073326,0.112339794635773,1182.0986328125,3.97757124900818,92253,"41"
"OR",2024,1705.15441894531,5.7317271232605,24432.333984375,17657.08984375,0.07612594217062,0.115133889019489,1331.63110351562,4.41897964477539,106406,"41"
"PA",2014,1338.82373046875,10.2826843261719,72957.421875,11160.87890625,0.0797027945518494,0.135763704776764,952.22998046875,7.13609790802002,363074,"42"
"PA",2015,1383.06628417969,10.3696050643921,86599.75,11015.9208984375,0.0818613544106483,0.142095550894737,969.552612304688,7.33648586273193,284998,"42"
"PA",2016,1369.619140625,10.0406627655029,75045.2265625,11033.1298828125,0.0825076028704643,0.141873389482498,989.285034179688,7.2684440612793,353436,"42"
"PA",2017,1364.3759765625,9.49695014953613,85709.1328125,11353.78125,0.0795226693153381,0.137933909893036,982.5849609375,6.88649892807007,349418,"42"
"PA",2018,1369.41467285156,8.99093246459961,91304.203125,11659.26171875,0.0778843313455582,0.135255992412567,994.120544433594,6.58723974227905,343998,"42"
"PA",2019,1371.93957519531,8.76000690460205,91403.9296875,11937.27734375,0.0760248601436615,0.131899252533913,995.365112304688,6.34230756759644,332121,"42"
"PA",2020,1344.32348632812,8.02787399291992,123260.2734375,12065.447265625,0.0735296905040741,0.129537135362625,978.810119628906,5.86631059646606,224252,"42"
"PA",2021,1289.13977050781,6.73986148834229,18971.228515625,11866.9970703125,0.0747982859611511,0.124551057815552,987.026245117188,5.15701246261597,354505,"42"
"PA",2022,1525.4306640625,7.37100267410278,18956.48046875,12203.392578125,0.0849534496665001,0.14385561645031,1169.56005859375,5.61938762664795,305080,"42"
"PA",2023,1761.18505859375,8.28082847595215,19889.390625,12718.8447265625,0.0932551249861717,0.160644635558128,1349.15014648438,6.24193906784058,299826,"42"
"PA",2024,1951.78247070312,8.73603916168213,21222.265625,13748.41796875,0.0978798344731331,0.167913824319839,1534.71374511719,6.77440929412842,344522,"42"
"RI",2014,1811.51281738281,15.5268993377686,44534.2109375,12629.9931640625,0.0914461240172386,0.155084013938904,1373.43994140625,11.711371421814,20167,"44"
"RI",2015,1907.89184570312,15.523211479187,59730.2421875,12734.7021484375,0.0946987122297287,0.163031280040741,1442.28002929688,11.6000909805298,16749,"44"
"RI",2016,1869.81945800781,14.5165739059448,60676.0859375,12857.578125,0.0926203355193138,0.159240901470184,1453.08337402344,11.2050123214722,19435,"44"
"RI",2017,1918.93481445312,13.7432117462158,74217.3671875,13103.9453125,0.0928318277001381,0.160235181450844,1501.33166503906,10.6426267623901,18999,"44"
"RI",2018,1958.03259277344,12.971245765686,88010.15625,13490.978515625,0.0919094607234001,0.15858668088913,1558.92004394531,10.1764688491821,19969,"44"
"RI",2019,2033.45251464844,12.828706741333,84807.8203125,13777.8291015625,0.0935147479176521,0.161634996533394,1646.80004882812,10.3331165313721,19205,"44"
"RI",2020,2124.64990234375,12.6048593521118,83063.28125,14029.2548828125,0.0956571325659752,0.167676374316216,1721.39990234375,10.1483278274536,16189,"44"
"RI",2021,1990.4970703125,9.79575157165527,21714.681640625,13655.404296875,0.0939541980624199,0.15854412317276,1639.16064453125,8.0062780380249,20631,"44"
"RI",2022,2230.19409179688,9.67491054534912,22056.671875,14097.6953125,0.103020243346691,0.17558665573597,1889.59985351562,8.1125316619873,17457,"44"
"RI",2023,2507.79931640625,10.3143501281738,23210.287109375,14807.4970703125,0.110544927418232,0.190961241722107,2129.48388671875,8.66961288452148,20226,"44"
"RI",2024,2741.2900390625,10.4543504714966,25041.498046875,16173.328125,0.114394538104534,0.197459354996681,2398.40893554688,9.04475593566895,23136,"44"
"SC",2014,1631.45861816406,13.4518404006958,102813.15625,10614.126953125,0.113371506333351,0.17021244764328,1255.3203125,10.5363388061523,153200,"45"
"SC",2015,1802.88842773438,14.0172157287598,141893.71875,10630.90625,0.119548104703426,0.185812041163445,1345.06994628906,10.775333404541,126871,"45"
"SC",2016,1803.04113769531,13.1561717987061,137320.515625,10756.9052734375,0.119588024914265,0.184593126177788,1353.87060546875,10.2696294784546,152215,"45"
"SC",2017,1776.53112792969,12.4536733627319,150133.0625,10900.3681640625,0.116509765386581,0.180687889456749,1336.05810546875,9.63731384277344,152038,"45"
"SC",2018,1777.42272949219,11.8156604766846,167383.40625,11205.650390625,0.114246159791946,0.177197337150574,1350.7919921875,9.27238082885742,153942,"45"
"SC",2019,1845.29931640625,11.7112169265747,178550.21875,11512.943359375,0.114318579435349,0.178701490163803,1408.44995117188,9.14806270599365,154372,"45"
"SC",2020,1825.09484863281,10.909049987793,186055.375,11553.1796875,0.11235935986042,0.176542803645134,1385.52001953125,8.48120403289795,149129,"45"
"SC",2021,1857.60974121094,9.57572937011719,17382.84765625,11520.4423828125,0.124390952289104,0.178458645939827,1416.4541015625,7.48760795593262,135312,"45"
"SC",2022,2036.00952148438,8.97396659851074,15714.3837890625,11627.4921875,0.134306102991104,0.195792078971863,1560.49975585938,7.00060367584229,127892,"45"
"SC",2023,2323.08984375,9.74683666229248,16437.6484375,11972.373046875,0.145549967885017,0.217405304312706,1747.0595703125,7.41976118087769,129401,"45"
"SC",2024,2557.76611328125,10.2687196731567,18116.5,13241.0810546875,0.147927358746529,0.221159249544144,1944.36010742188,7.9603099822998,136861,"45"
"SD",2014,1476.31665039062,10.5653505325317,123680.6015625,9923.013671875,0.0990173891186714,0.165533512830734,1221.20007324219,8.81263256072998,21912,"46"
"SD",2015,1586.955078125,10.8356866836548,201377.84375,10172.8583984375,0.0988350361585617,0.173894137144089,1309.3154296875,9.00253963470459,18844,"46"
"SD",2016,1651.810546875,10.699969291687,205537.046875,10452.34765625,0.0997974425554276,0.177420720458031,1383.455078125,8.97372150421143,20958,"46"
"SD",2017,1628.00378417969,10.0861797332764,200163.96875,10596.5810546875,0.0996407940983772,0.172825619578362,1363.02648925781,8.39860343933105,22471,"46"
"SD",2018,1725.83703613281,10.302095413208,209205.875,10895.3720703125,0.103318944573402,0.179271250963211,1469.38000488281,8.74606132507324,21605,"46"
"SD",2019,1894.72497558594,10.7797679901123,221276.40625,11344.5068359375,0.107486590743065,0.188520729541779,1624.15014648438,9.17590522766113,21229,"46"
"SD",2020,1861.44641113281,9.91465187072754,236226.765625,11376.0673828125,0.103798598051071,0.185419857501984,1600.35778808594,8.48864459991455,16631,"46"
"SD",2021,1956.46923828125,9.11803913116455,17231.603515625,11169.53515625,0.123709015548229,0.198168113827705,1708.19995117188,7.96519231796265,16660,"46"
"SD",2022,2344.01416015625,9.37366771697998,17779.255859375,11740.123046875,0.139393329620361,0.226979196071625,2054.68017578125,8.11401176452637,15836,"46"
"SD",2023,2847.59350585938,11.0120725631714,19196.529296875,12339.083984375,0.156206011772156,0.266182869672775,2473.3212890625,9.54374980926514,15394,"46"
"SD",2024,3505.37353515625,13.1301822662354,21740.986328125,13919.9306640625,0.170615196228027,0.297631949186325,2994.365234375,11.2456121444702,16572,"46"
"TN",2014,1695.63427734375,15.9230337142944,147358.578125,10245.9248046875,0.116298817098141,0.187649741768837,1350.20263671875,11.3458433151245,184354,"47"
"TN",2015,1775.06164550781,15.7541036605835,175442.375,10219.7890625,0.119864962995052,0.197780102491379,1406.48999023438,11.279746055603,162819,"47"
"TN",2016,1787.08825683594,14.8387231826782,158372.859375,10463.2158203125,0.120982095599174,0.195269420742989,1432.9599609375,10.6749305725098,187249,"47"
"TN",2017,1770.8603515625,13.5443248748779,169784.265625,10794.2822265625,0.116510167717934,0.188052907586098,1417.89501953125,9.77084732055664,188298,"47"
"TN",2018,1829.34338378906,13.178539276123,187748.640625,11172.3984375,0.116775341331959,0.189670458436012,1460.79992675781,9.48156929016113,187110,"47"
"TN",2019,1734.77905273438,11.3501882553101,190292.25,11611.72265625,0.107810266315937,0.173361599445343,1417.1611328125,8.62899398803711,188995,"47"
"TN",2020,1789.91796875,10.7590885162354,191491.03125,11791.634765625,0.108873419463634,0.174836233258247,1469.29711914062,8.32119560241699,183364,"47"
"TN",2021,1807.69738769531,9.20959186553955,17644.91015625,11798.1376953125,0.120622858405113,0.175508052110672,1517.92041015625,7.37199974060059,172929,"47"
"TN",2022,2009.81066894531,8.64300537109375,16628.087890625,12151.0517578125,0.130523681640625,0.193393930792809,1686.28686523438,6.76839351654053,165999,"47"
"TN",2023,2173.60888671875,8.98232650756836,17427.712890625,12734.671875,0.134849205613136,0.200959503650665,1804.07922363281,7.00532341003418,168462,"47"
"TN",2024,2478.61157226562,9.92413806915283,19379.380859375,14275.9912109375,0.140979185700417,0.211427465081215,2051.83129882812,7.7561993598938,182352,"47"
"TX",2014,1964.4541015625,15.9162883758545,50278.7578125,10111.9462890625,0.116071902215481,0.211547762155533,1499.42993164062,11.7837390899658,463262,"48"
"TX",2015,2044.91284179688,15.2783355712891,69011.21875,10157.83984375,0.118505083024502,0.221030205488205,1605.19165039062,11.5947170257568,506460,"48"
"TX",2016,1957.36364746094,13.6819581985474,75306.421875,10513.05078125,0.109081827104092,0.204840764403343,1486.34924316406,10.0780601501465,571649,"48"
"TX",2017,2089.05493164062,13.567795753479,90732.7109375,10986.2373046875,0.110004626214504,0.209575071930885,1581.46997070312,9.95072269439697,582053,"48"
"TX",2018,2152.212890625,13.3647813796997,106959.4296875,11483.5869140625,0.108326733112335,0.208323150873184,1633.71264648438,9.84859561920166,601682,"48"
"TX",2019,2189.32348632812,13.2473363876343,108393.5234375,11893.123046875,0.105991095304489,0.205392017960548,1676.04907226562,9.87067890167236,607037,"48"
"TX",2020,2092.61840820312,12.0856094360352,118832.984375,12077.24609375,0.100756868720055,0.195749059319496,1618.25634765625,9.03130722045898,547540,"48"
"TX",2021,2036.02844238281,10.431715965271,21850.216796875,11780.3154296875,0.103058263659477,0.193910673260689,1593.642578125,7.87896871566772,509841,"48"
"TX",2022,2361.986328125,10.4601745605469,21246.02734375,12067.837890625,0.114305429160595,0.220474049448967,1867.4951171875,7.93886041641235,505313,"48"
"TX",2023,2813.67919921875,12.2693500518799,22991.51171875,12716.04296875,0.12315595895052,0.24635636806488,2169.8095703125,9.24167346954346,523838,"48"
"TX",2024,2924.62573242188,12.8067169189453,24946.5234375,14435.884765625,0.119254857301712,0.232833445072174,2206.90942382812,9.39998817443848,487649,"48"
"UT",2014,1114.33837890625,7.35010671615601,72929.03125,12656.6240234375,0.0676607489585876,0.0950064435601234,768.0400390625,5.0301570892334,80577,"49"
"UT",2015,1179.66857910156,7.49501132965088,75713.578125,12750.5732421875,0.0705629214644432,0.100045941770077,810.149963378906,5.07755422592163,84809,"49"
"UT",2016,1146.35717773438,6.70728302001953,71276.234375,13078.6201171875,0.0681915283203125,0.0955547317862511,815.730224609375,4.72748279571533,99131,"49"
"UT",2017,1133.18627929688,6.20002317428589,92234.390625,13494.298828125,0.0656295642256737,0.092248409986496,812,4.38475942611694,102265,"49"
"UT",2018,1174.6171875,5.91182327270508,98832.0859375,14387.2275390625,0.0645936653017998,0.09022206813097,868.797119140625,4.32426834106445,106850,"49"
"UT",2019,1295.56591796875,6.12458944320679,100359.1171875,15020.892578125,0.0679212734103203,0.0956816077232361,978.22119140625,4.55599164962769,108171,"49"
"UT",2020,1245.24792480469,5.29111480712891,105345.171875,15239.26953125,0.0642151907086372,0.090886153280735,944.410522460938,3.94226717948914,93686,"49"
"UT",2021,1193.90979003906,4.10473823547363,40851.08203125,14963.3837890625,0.0644039288163185,0.0886796414852142,920.700317382812,3.12441372871399,86256,"49"
"UT",2022,1446.13317871094,4.31483793258667,20230.41796875,15717.5888671875,0.0749903693795204,0.103458650410175,1150.88427734375,3.39433908462524,82956,"49"
"UT",2023,1866.37524414062,5.88066816329956,21772.54296875,16453.8515625,0.0899426192045212,0.128694593906403,1530.55944824219,4.77533054351807,84948,"49"
"UT",2024,1832.76989746094,5.69831943511963,23880.529296875,18467.2421875,0.0831829831004143,0.117299526929855,1451.17919921875,4.45625686645508,107125,"49"
"VA",2014,1578.75451660156,9.92232894897461,286170,15544.30078125,0.071211151778698,0.118686690926552,1174.5712890625,6.94449234008789,323626,"51"
"VA",2015,1594.66870117188,9.65338134765625,293191.5,15578.1611328125,0.0718619972467422,0.119882322847843,1198.21997070312,6.88197469711304,330942,"51"
"VA",2016,1554.88891601562,9.06834125518799,223480,15912.169921875,0.0717825815081596,0.115203432738781,1183.18994140625,6.51113033294678,455797,"51"
"VA",2017,1585.142578125,9.01349830627441,278339.1875,16027.59375,0.0703967437148094,0.11605615913868,1185.2998046875,6.41186809539795,375940,"51"
"VA",2018,1636.06640625,8.92322254180908,325646.71875,16370.1533203125,0.0705128386616707,0.117046430706978,1250.06079101562,6.44856786727905,383440,"51"
"VA",2019,1705.72961425781,9.08554172515869,314674.5625,16555.39453125,0.0725129246711731,0.121121972799301,1332.53967285156,6.72731924057007,352747,"51"
"VA",2020,1675.4619140625,8.49373340606689,330076.25,16382.4453125,0.0716432854533195,0.121320605278015,1323.400390625,6.34441328048706,336341,"51"
"VA",2021,1654.46496582031,7.36464691162109,41131.8984375,16087.076171875,0.0825834721326828,0.121978268027306,1357.29052734375,5.71326684951782,319285,"51"
"VA",2022,1926.77294921875,7.5049352645874,22954.080078125,16373.5302734375,0.0937842130661011,0.138996988534927,1568.71875,5.8885326385498,297113,"51"
"VA",2023,2269.36181640625,8.47918033599854,24126.51171875,16863.890625,0.104295089840889,0.15903714299202,1856.87805175781,6.63095188140869,303159,"51"
"VA",2024,2486.96484375,8.86430263519287,25715.990234375,17874.6953125,0.108832374215126,0.168032199144363,2040.28002929688,6.92749738693237,309159,"51"
"VT",2014,1698.1474609375,9.86417388916016,49662.421875,12253.1962890625,0.0931124463677406,0.152200385928154,1221.07983398438,6.97570657730103,5564,"50"
"VT",2015,1761.26599121094,9.83679580688477,78881.0078125,12299.5322265625,0.0940554887056351,0.159847557544708,1251.90979003906,6.69303607940674,5662,"50"
"VT",2016,1500.41259765625,8.86344623565674,61454.8359375,12299.3759765625,0.0798442810773849,0.137191385030746,1111.89001464844,6.35464715957642,7080,"50"
"VT",2017,1479.80078125,8.42500019073486,73284.8984375,12349.654296875,0.0772719532251358,0.135501638054848,1095.6787109375,6.12789249420166,6155,"50"
"VT",2018,1593.35522460938,8.84981060028076,60979.58203125,12458.9912109375,0.0824568718671799,0.143743127584457,1202.4755859375,6.63741493225098,7476,"50"
"VT",2019,1715.69946289062,9.28658390045166,56597.375,12721.1513671875,0.0872705802321434,0.151528805494308,1331.93041992188,7.09490919113159,7893,"50"
"VT",2020,1779.86999511719,8.86093997955322,71368,12774.66015625,0.0892244130373001,0.157979160547256,1345.77001953125,6.60786628723145,5160,"50"
"VT",2021,1710.02136230469,7.18579578399658,20493.845703125,12828.4609375,0.0859391465783119,0.147799834609032,1308.60009765625,5.46618938446045,6619,"50"
"VT",2022,1646.97546386719,6.06152963638306,20937.7265625,13233.0419921875,0.0829659178853035,0.143482103943825,1296.09912109375,4.74138689041138,6207,"50"
"VT",2023,1956.78479003906,6.55280447006226,22348.53515625,14270.814453125,0.0919158458709717,0.158519327640533,1588.85192871094,5.27303504943848,6791,"50"
"VT",2024,3593.17919921875,11.6243457794189,23387.615234375,14987.845703125,0.160108953714371,0.277576863765717,3232.91943359375,10.4140958786011,8361,"50"
"WA",2014,1283.55017089844,7.66586303710938,88231.4453125,14300.9052734375,0.0669544786214828,0.100573390722275,937.440063476562,5.54991292953491,219350,"53"
"WA",2015,1410.76452636719,7.79097461700439,168827.328125,14587.888671875,0.0700143575668335,0.109312035143375,1041,5.71382761001587,182751,"53"
"WA",2016,1381.35144042969,6.91890287399292,115764.6875,14869.41796875,0.0688738524913788,0.105271197855473,1033.35986328125,5.14453029632568,210595,"53"
"WA",2017,1367.49731445312,6.26611423492432,121692.28125,15460.51953125,0.0660593062639236,0.101334445178509,1034.740234375,4.67217779159546,214555,"53"
"WA",2018,1629.42077636719,6.83107233047485,125839.7109375,16135.70703125,0.0743467435240746,0.116164997220039,1302.52001953125,5.38426303863525,223917,"53"
"WA",2019,1426.62060546875,5.78859758377075,129114.9375,17098.978515625,0.0636265277862549,0.0972887426614761,1085.41064453125,4.35111904144287,207075,"53"
"WA",2020,1580.13037109375,5.86559629440308,136119.796875,17494.056640625,0.066721685230732,0.105935774743557,1240.2587890625,4.55632877349854,188685,"53"
"WA",2021,1499.91357421875,4.67430019378662,25317.8125,17345.759765625,0.0679308772087097,0.101811170578003,1223.2099609375,3.75103855133057,176539,"53"
"WA",2022,1722.59326171875,4.74917125701904,25910.880859375,18112.6484375,0.0736146569252014,0.11275676637888,1412.63989257812,3.84276390075684,167159,"53"
"WA",2023,2030.09399414062,5.69662618637085,27502.943359375,18807.103515625,0.080861784517765,0.127347037196159,1622.21057128906,4.52346134185791,183016,"53"
"WA",2024,2129.65625,5.81610441207886,29528.171875,20570.072265625,0.0811974853277206,0.126071527600288,1727.22924804688,4.59704637527466,214047,"53"
"WI",2014,1391.62170410156,11.5976867675781,54279.953125,9931.640625,0.0907751992344856,0.155833199620247,973.079956054688,7.81423807144165,62879,"55"
"WI",2015,1218.2802734375,9.75766277313232,66644.0703125,9900.0888671875,0.0804465860128403,0.138148635625839,889.660034179688,7.03829956054688,72224,"55"
"WI",2016,1259.28332519531,9.46727085113525,60025.9453125,10076.15234375,0.0830901861190796,0.140600964426994,973.328002929688,7.20823621749878,87063,"55"
"WI",2017,1277.91040039062,9.08060073852539,61612.9296875,10172.2314453125,0.0834293738007545,0.141008317470551,972.01513671875,6.79323720932007,91694,"55"
"WI",2018,1326.791015625,8.92919635772705,65769.7109375,10454.6923828125,0.0853196009993553,0.143529623746872,1009.51953125,6.61483812332153,94073,"55"
"WI",2019,1318.9521484375,8.16222763061523,70454.6015625,10792.5927734375,0.0828113555908203,0.13903546333313,1036.1494140625,6.2686767578125,93444,"55"
"WI",2020,1364.10522460938,7.92923593521118,64176.60546875,10902.759765625,0.0850458890199661,0.142758324742317,1089.06018066406,6.20135402679443,90956,"55"
"WI",2021,1385.49304199219,7.09892082214355,17079.67578125,10838.7255859375,0.0883808210492134,0.145725309848785,1137.08996582031,5.68687438964844,82648,"55"
"WI",2022,1462.23107910156,6.76352405548096,16954.5078125,11140.34375,0.0915802344679832,0.150927886366844,1193.919921875,5.43538045883179,84847,"55"
"WI",2023,1720.87829589844,7.48916339874268,17859.623046875,11636.5693359375,0.101902276277542,0.172004893422127,1396.2900390625,5.99289560317993,83562,"55"
"WI",2024,1913.49401855469,7.88735580444336,19669.099609375,13180.4501953125,0.104721076786518,0.173791274428368,1562.67407226562,6.27026176452637,98558,"55"
"WV",2014,1209.91638183594,12.8042469024658,64854.12109375,9761.962890625,0.100449830293655,0.146135896444321,983.009643554688,10.0222511291504,24532,"54"
"WV",2015,1249.43737792969,12.9465970993042,79626.875,9644.1591796875,0.103771410882473,0.153740167617798,1030.80822753906,10.2129592895508,21477,"54"
"WV",2016,1265.03454589844,13.1566410064697,71593.734375,9712.943359375,0.105521626770496,0.155127719044685,1050.14013671875,10.4357500076294,25675,"54"
"WV",2017,1263.75280761719,12.8703088760376,71744.03125,9685.42578125,0.10599061101675,0.154991522431374,1059.2001953125,10.3606729507446,27175,"54"
"WV",2018,1312.40258789062,13.0438528060913,70880.203125,9733.76953125,0.109395690262318,0.159737452864647,1101.38000488281,10.4836311340332,29599,"54"
"WV",2019,1352.20727539062,13.385890007019,74478.046875,9905.408203125,0.109418794512749,0.160663545131683,1124.19995117188,10.6028594970703,28654,"54"
"WV",2020,1322.56689453125,12.5012989044189,78738.203125,9897.3037109375,0.107238911092281,0.157170459628105,1099.96240234375,9.92907905578613,27394,"54"
"WV",2021,1349.72961425781,10.9315881729126,13920.6904296875,10102.515625,0.11113028973341,0.15556626021862,1119.28967285156,8.5932788848877,24319,"54"
"WV",2022,1469.43933105469,10.742226600647,13465.61328125,10201.8212890625,0.1178193166852,0.167337983846664,1207.00329589844,8.43194580078125,23790,"54"
"WV",2023,1647.23901367188,11.5510396957397,14158.2373046875,10683.845703125,0.125346273183823,0.179697141051292,1353.60021972656,9.07304286956787,24804,"54"
"WV",2024,1704.58227539062,11.3326053619385,15086.3857421875,11398.4052734375,0.124802961945534,0.180456295609474,1397.44165039062,8.8761510848999,26637,"54"
"WY",2014,1456.30407714844,8.96840953826904,190804.6875,11806.2177734375,0.0887830927968025,0.137395367026329,1188.63427734375,7.36650276184082,14300,"56"
"WY",2015,1542.66345214844,8.92995929718018,146315.640625,11958.455078125,0.0958415940403938,0.144436120986938,1263.044921875,7.31334829330444,16360,"56"
"WY",2016,1545.51257324219,8.60944747924805,135781.765625,12030.8935546875,0.0967256054282188,0.144444435834885,1289.93078613281,7.19614028930664,20113,"56"
"WY",2017,1568.60986328125,8.65633869171143,164032.265625,12114.6630859375,0.095768615603447,0.145978897809982,1306.11926269531,7.20624446868896,18305,"56"
"WY",2018,1571.36694335938,8.55454635620117,176418.109375,12471.4794921875,0.0941109731793404,0.14365154504776,1341.23999023438,7.26917171478271,19265,"56"
"WY",2019,1636.57543945312,8.46300315856934,194979.453125,12877.0087890625,0.0939871668815613,0.144744426012039,1394.4306640625,7.19881153106689,20279,"56"
"WY",2020,1649.01953125,7.87158250808716,287077.8125,13045.701171875,0.0882049947977066,0.144333049654961,1421.099609375,6.75673389434814,16052,"56"
"WY",2021,1719.93481445312,7.4297661781311,19016.205078125,12770.8564453125,0.109165899455547,0.152934297919273,1500.04992675781,6.50142812728882,19717,"56"
"WY",2022,1985.65454101562,7.79956817626953,17394.75,13003.861328125,0.12073365598917,0.172811567783356,1707.91528320312,6.73875951766968,16912,"56"
"WY",2023,2565.75537109375,9.56402969360352,18848.4453125,13549.119140625,0.14100281894207,0.213522344827652,2128.00903320312,7.94452238082886,17157,"56"
"WY",2024,2951.64990234375,10.6944704055786,21042.076171875,15069.4990234375,0.148737013339996,0.230309218168259,2445.69946289062,8.92203712463379,18621,"56"
